,turns
0,22
1,15
2,17
3,15
4,14
5,15
6,17
7,18
8,24
9,31
10,21
11,26
12,24
13,26
14,20
15,8
16,18
17,14
18,12
19,14
20,9
21,11
22,13
23,14
24,13
25,14
26,12
27,13
28,33
29,14
30,15
31,14
32,10
33,8
34,21
35,39
36,13
37,20
38,17
39,10
40,25
41,12
42,10
43,9
44,12
45,14
46,18
47,9
48,26
49,9
50,10
51,15
52,8
53,14
54,22
55,21
56,43
57,18
58,12
59,18
60,13
61,31
62,18
63,23
64,27
65,16
66,8
67,13
68,30
69,20
70,15
71,16
72,7
73,23
74,22
75,10
76,17
77,19
78,12
79,27
80,18
81,25
82,13
83,27
84,23
85,9
86,18
87,17
88,29
89,17
90,22
91,9
92,13
93,18
94,12
95,14
96,16
97,20
98,11
99,16
100,21
101,17
102,15
103,8
104,21
105,15
106,18
107,20
108,22
109,12
110,16
111,18
112,27
113,15
114,14
115,12
116,8
117,45
118,23
119,9
120,17
121,10
122,10
123,19
124,11
125,21
126,33
127,37
128,14
129,15
130,18
131,11
132,29
133,11
134,11
135,22
136,9
137,16
138,15
139,21
140,21
141,14
142,8
143,36
144,9
145,22
146,17
147,23
148,15
149,18
150,20
151,22
152,17
153,17
154,14
155,12
156,11
157,24
158,21
159,17
160,12
161,19
162,37
163,16
164,18
165,31
166,13
167,18
168,8
169,14
170,25
171,19
172,12
173,9
174,12
175,13
176,25
177,16
178,12
179,20
180,15
181,18
182,16
183,17
184,17
185,17
186,15
187,15
188,26
189,10
190,14
191,15
192,23
193,26
194,25
195,12
196,13
197,20
198,23
199,24
200,32
201,12
202,23
203,15
204,10
205,18
206,22
207,29
208,11
209,14
210,14
211,25
212,28
213,13
214,18
215,33
216,18
217,21
218,19
219,13
220,14
221,29
222,17
223,18
224,21
225,16
226,18
227,20
228,27
229,13
230,19
231,13
232,24
233,29
234,11
235,37
236,14
237,13
238,11
239,30
240,23
241,28
242,18
243,37
244,14
245,20
246,12
247,8
248,11
249,16
250,25
251,15
252,20
253,14
254,26
255,18
256,15
257,18
258,20
259,33
260,20
261,13
262,25
263,19
264,12
265,15
266,25
267,16
268,14
269,17
270,12
271,51
272,31
273,17
274,14
275,19
276,21
277,11
278,26
279,24
280,22
281,21
282,18
283,10
284,19
285,11
286,16
287,14
288,17
289,27
290,11
291,26
292,16
293,15
294,19
295,29
296,16
297,20
298,16
299,30
300,20
301,40
302,9
303,11
304,17
305,18
306,12
307,20
308,26
309,11
310,18
311,23
312,15
313,13
314,17
315,15
316,17
317,14
318,21
319,10
320,9
321,11
322,16
323,15
324,11
325,15
326,13
327,12
328,19
329,21
330,16
331,28
332,14
333,9
334,30
335,11
336,16
337,26
338,12
339,33
340,10
341,30
342,26
343,12
344,26
345,28
346,31
347,19
348,25
349,12
350,16
351,22
352,34
353,8
354,23
355,13
356,18
357,16
358,13
359,14
360,17
361,25
362,28
363,12
364,24
365,17
366,31
367,15
368,11
369,19
370,14
371,14
372,10
373,13
374,20
375,15
376,19
377,17
378,16
379,13
380,15
381,20
382,10
383,16
384,30
385,27
386,15
387,17
388,28
389,23
390,16
391,18
392,18
393,18
394,22
395,14
396,26
397,7
398,14
399,20
400,25
401,16
402,16
403,29
404,21
405,20
406,26
407,22
408,15
409,16
410,21
411,10
412,13
413,9
414,20
415,13
416,18
417,12
418,13
419,21
420,9
421,14
422,18
423,16
424,13
425,12
426,39
427,13
428,15
429,13
430,20
431,13
432,13
433,33
434,10
435,13
436,12
437,11
438,43
439,21
440,13
441,14
442,10
443,16
444,15
445,23
446,27
447,14
448,14
449,13
450,15
451,30
452,12
453,12
454,9
455,22
456,10
457,16
458,12
459,9
460,17
461,15
462,13
463,16
464,15
465,12
466,21
467,20
468,9
469,25
470,17
471,17
472,12
473,17
474,16
475,12
476,27
477,16
478,20
479,14
480,14
481,10
482,13
483,17
484,17
485,14
486,10
487,12
488,16
489,8
490,12
491,14
492,13
493,11
494,17
495,28
496,24
497,17
498,11
499,13
500,46
501,18
502,26
503,13
504,9
505,17
506,13
507,12
508,20
509,19
510,26
511,8
512,23
513,17
514,13
515,8
516,19
517,12
518,23
519,15
520,15
521,22
522,24
523,24
524,21
525,24
526,18
527,14
528,27
529,22
530,12
531,12
532,14
533,11
534,16
535,13
536,17
537,22
538,14
539,26
540,11
541,15
542,26
543,21
544,30
545,12
546,17
547,17
548,15
549,12
550,14
551,20
552,8
553,16
554,13
555,10
556,9
557,20
558,18
559,11
560,13
561,15
562,42
563,15
564,11
565,12
566,18
567,18
568,17
569,12
570,14
571,12
572,20
573,18
574,13
575,17
576,28
577,17
578,18
579,18
580,24
581,9
582,14
583,16
584,9
585,12
586,12
587,10
588,9
589,15
590,23
591,11
592,17
593,14
594,12
595,8
596,20
597,11
598,24
599,16
600,18
601,13
602,19
603,9
604,14
605,8
606,19
607,13
608,17
609,17
610,15
611,14
612,15
613,14
614,39
615,14
616,12
617,19
618,11
619,25
620,15
621,14
622,10
623,19
624,13
625,18
626,13
627,21
628,25
629,31
630,12
631,14
632,17
633,19
634,13
635,16
636,16
637,20
638,20
639,25
640,46
641,14
642,11
643,9
644,14
645,13
646,24
647,20
648,11
649,15
650,23
651,10
652,20
653,9
654,10
655,27
656,25
657,8
658,20
659,24
660,10
661,13
662,16
663,8
664,14
665,17
666,41
667,39
668,24
669,12
670,20
671,17
672,22
673,17
674,16
675,10
676,10
677,10
678,19
679,22
680,9
681,28
682,18
683,21
684,13
685,18
686,14
687,13
688,13
689,12
690,9
691,13
692,17
693,24
694,16
695,42
696,14
697,24
698,24
699,13
700,22
701,10
702,21
703,17
704,13
705,13
706,20
707,16
708,16
709,18
710,21
711,15
712,38
713,18
714,14
715,16
716,25
717,15
718,12
719,16
720,18
721,11
722,14
723,19
724,16
725,42
726,24
727,16
728,11
729,17
730,13
731,12
732,13
733,18
734,11
735,23
736,21
737,18
738,9
739,15
740,28
741,15
742,16
743,10
744,20
745,17
746,12
747,19
748,28
749,22
750,35
751,14
752,14
753,37
754,20
755,26
756,26
757,14
758,31
759,24
760,26
761,13
762,12
763,31
764,17
765,27
766,10
767,18
768,17
769,27
770,12
771,26
772,10
773,24
774,8
775,25
776,9
777,14
778,25
779,14
780,12
781,25
782,57
783,31
784,17
785,21
786,18
787,13
788,8
789,10
790,28
791,18
792,14
793,50
794,17
795,27
796,22
797,26
798,14
799,11
800,11
801,14
802,22
803,22
804,38
805,12
806,24
807,15
808,17
809,14
810,16
811,10
812,25
813,14
814,10
815,11
816,21
817,21
818,23
819,11
820,15
821,27
822,29
823,12
824,8
825,23
826,19
827,18
828,15
829,15
830,16
831,12
832,19
833,13
834,31
835,40
836,19
837,9
838,24
839,10
840,12
841,10
842,14
843,20
844,15
845,26
846,30
847,14
848,13
849,31
850,29
851,13
852,18
853,20
854,10
855,22
856,9
857,22
858,23
859,17
860,12
861,17
862,17
863,20
864,36
865,13
866,13
867,27
868,27
869,19
870,15
871,18
872,30
873,10
874,10
875,12
876,28
877,17
878,20
879,25
880,27
881,16
882,10
883,33
884,14
885,36
886,22
887,18
888,15
889,28
890,14
891,16
892,22
893,13
894,18
895,25
896,20
897,11
898,10
899,16
900,22
901,19
902,14
903,15
904,14
905,10
906,14
907,26
908,26
909,20
910,24
911,26
912,24
913,16
914,29
915,25
916,23
917,9
918,17
919,21
920,7
921,34
922,21
923,17
924,25
925,9
926,28
927,20
928,23
929,15
930,19
931,17
932,18
933,26
934,18
935,37
936,7
937,28
938,16
939,15
940,27
941,29
942,11
943,33
944,14
945,11
946,20
947,13
948,11
949,12
950,14
951,19
952,10
953,22
954,18
955,19
956,25
957,37
958,11
959,10
960,18
961,7
962,12
963,14
964,29
965,16
966,17
967,11
968,23
969,29
970,9
971,22
972,12
973,10
974,9
975,9
976,23
977,10
978,19
979,10
980,25
981,17
982,21
983,14
984,8
985,23
986,18
987,9
988,9
989,18
990,26
991,24
992,16
993,13
994,15
995,14
996,15
997,29
998,23
999,19
1000,11
1001,10
1002,13
1003,18
1004,23
1005,15
1006,13
1007,21
1008,13
1009,13
1010,11
1011,13
1012,20
1013,14
1014,16
1015,13
1016,22
1017,17
1018,20
1019,22
1020,16
1021,26
1022,19
1023,16
1024,25
1025,10
1026,10
1027,16
1028,18
1029,31
1030,11
1031,25
1032,11
1033,22
1034,46
1035,17
1036,19
1037,28
1038,9
1039,35
1040,23
1041,12
1042,24
1043,10
1044,24
1045,13
1046,16
1047,11
1048,15
1049,20
1050,20
1051,18
1052,15
1053,14
1054,31
1055,16
1056,10
1057,13
1058,12
1059,11
1060,23
1061,19
1062,33
1063,14
1064,20
1065,11
1066,12
1067,23
1068,22
1069,10
1070,21
1071,17
1072,15
1073,15
1074,16
1075,19
1076,17
1077,21
1078,16
1079,13
1080,13
1081,19
1082,9
1083,12
1084,14
1085,17
1086,14
1087,15
1088,12
1089,11
1090,18
1091,15
1092,13
1093,15
1094,20
1095,7
1096,18
1097,13
1098,19
1099,17
1100,15
1101,9
1102,14
1103,12
1104,13
1105,14
1106,18
1107,19
1108,11
1109,10
1110,12
1111,25
1112,18
1113,17
1114,32
1115,11
1116,28
1117,14
1118,14
1119,27
1120,19
1121,11
1122,9
1123,19
1124,18
1125,24
1126,14
1127,33
1128,21
1129,11
1130,21
1131,32
1132,16
1133,20
1134,20
1135,24
1136,12
1137,21
1138,13
1139,13
1140,15
1141,15
1142,8
1143,24
1144,18
1145,11
1146,11
1147,16
1148,8
1149,15
1150,10
1151,19
1152,10
1153,18
1154,18
1155,21
1156,12
1157,13
1158,14
1159,24
1160,16
1161,9
1162,31
1163,17
1164,12
1165,9
1166,17
1167,9
1168,25
1169,9
1170,11
1171,14
1172,9
1173,13
1174,32
1175,14
1176,17
1177,24
1178,17
1179,12
1180,19
1181,21
1182,16
1183,8
1184,17
1185,19
1186,25
1187,20
1188,13
1189,8
1190,13
1191,8
1192,11
1193,15
1194,31
1195,34
1196,15
1197,8
1198,21
1199,21
1200,14
1201,22
1202,14
1203,28
1204,13
1205,17
1206,12
1207,19
1208,11
1209,15
1210,13
1211,13
1212,29
1213,22
1214,12
1215,16
1216,13
1217,15
1218,24
1219,11
1220,18
1221,21
1222,17
1223,11
1224,24
1225,16
1226,18
1227,13
1228,14
1229,23
1230,18
1231,17
1232,15
1233,13
1234,18
1235,19
1236,20
1237,16
1238,12
1239,12
1240,23
1241,12
1242,23
1243,22
1244,10
1245,12
1246,17
1247,10
1248,24
1249,16
1250,16
1251,16
1252,27
1253,13
1254,25
1255,11
1256,11
1257,27
1258,28
1259,18
1260,25
1261,39
1262,22
1263,8
1264,21
1265,12
1266,20
1267,19
1268,21
1269,22
1270,17
1271,17
1272,24
1273,18
1274,14
1275,25
1276,19
1277,13
1278,14
1279,13
1280,9
1281,19
1282,12
1283,12
1284,11
1285,15
1286,15
1287,12
1288,16
1289,16
1290,20
1291,14
1292,18
1293,9
1294,18
1295,17
1296,19
1297,12
1298,11
1299,19
1300,27
1301,19
1302,18
1303,10
1304,29
1305,20
1306,24
1307,21
1308,12
1309,16
1310,15
1311,13
1312,15
1313,18
1314,11
1315,8
1316,21
1317,23
1318,13
1319,16
1320,23
1321,19
1322,19
1323,17
1324,17
1325,21
1326,13
1327,36
1328,16
1329,35
1330,20
1331,22
1332,22
1333,34
1334,9
1335,10
1336,18
1337,18
1338,15
1339,7
1340,16
1341,7
1342,18
1343,15
1344,12
1345,26
1346,12
1347,11
1348,7
1349,14
1350,19
1351,12
1352,13
1353,15
1354,13
1355,13
1356,18
1357,22
1358,12
1359,18
1360,20
1361,9
1362,17
1363,13
1364,10
1365,19
1366,20
1367,12
1368,18
1369,22
1370,14
1371,15
1372,31
1373,16
1374,17
1375,11
1376,7
1377,17
1378,11
1379,18
1380,13
1381,15
1382,12
1383,15
1384,27
1385,24
1386,13
1387,10
1388,10
1389,16
1390,9
1391,11
1392,23
1393,11
1394,23
1395,21
1396,11
1397,19
1398,22
1399,15
1400,15
1401,18
1402,25
1403,18
1404,16
1405,17
1406,16
1407,12
1408,14
1409,26
1410,7
1411,27
1412,14
1413,20
1414,28
1415,17
1416,10
1417,15
1418,31
1419,18
1420,19
1421,10
1422,10
1423,19
1424,21
1425,27
1426,10
1427,24
1428,10
1429,28
1430,13
1431,20
1432,14
1433,9
1434,14
1435,21
1436,39
1437,11
1438,11
1439,9
1440,26
1441,15
1442,16
1443,16
1444,22
1445,13
1446,12
1447,21
1448,23
1449,23
1450,15
1451,22
1452,16
1453,13
1454,15
1455,9
1456,24
1457,12
1458,13
1459,9
1460,11
1461,14
1462,9
1463,15
1464,9
1465,25
1466,21
1467,19
1468,10
1469,17
1470,19
1471,20
1472,8
1473,15
1474,25
1475,25
1476,16
1477,26
1478,15
1479,16
1480,17
1481,22
1482,19
1483,14
1484,11
1485,8
1486,9
1487,16
1488,12
1489,22
1490,29
1491,14
1492,15
1493,23
1494,18
1495,25
1496,12
1497,19
1498,12
1499,20
1500,16
1501,18
1502,25
1503,26
1504,7
1505,22
1506,20
1507,28
1508,25
1509,11
1510,24
1511,18
1512,14
1513,19
1514,21
1515,13
1516,28
1517,12
1518,8
1519,11
1520,16
1521,12
1522,23
1523,19
1524,9
1525,11
1526,19
1527,16
1528,10
1529,18
1530,34
1531,13
1532,21
1533,13
1534,19
1535,14
1536,24
1537,13
1538,11
1539,12
1540,11
1541,14
1542,14
1543,17
1544,11
1545,20
1546,10
1547,23
1548,15
1549,16
1550,15
1551,8
1552,17
1553,16
1554,19
1555,26
1556,23
1557,9
1558,18
1559,15
1560,18
1561,12
1562,23
1563,18
1564,13
1565,17
1566,39
1567,21
1568,26
1569,15
1570,29
1571,18
1572,7
1573,11
1574,41
1575,16
1576,27
1577,9
1578,15
1579,13
1580,17
1581,24
1582,20
1583,21
1584,22
1585,23
1586,8
1587,18
1588,13
1589,8
1590,26
1591,26
1592,9
1593,13
1594,19
1595,10
1596,14
1597,17
1598,14
1599,20
1600,8
1601,17
1602,12
1603,12
1604,22
1605,12
1606,41
1607,38
1608,36
1609,19
1610,22
1611,49
1612,27
1613,18
1614,10
1615,11
1616,40
1617,10
1618,10
1619,10
1620,22
1621,12
1622,10
1623,23
1624,19
1625,16
1626,15
1627,12
1628,17
1629,12
1630,14
1631,26
1632,20
1633,14
1634,17
1635,8
1636,18
1637,24
1638,25
1639,13
1640,28
1641,18
1642,12
1643,13
1644,19
1645,15
1646,20
1647,15
1648,15
1649,17
1650,31
1651,13
1652,11
1653,28
1654,17
1655,10
1656,15
1657,21
1658,19
1659,24
1660,29
1661,8
1662,11
1663,9
1664,15
1665,21
1666,10
1667,15
1668,24
1669,19
1670,21
1671,11
1672,44
1673,15
1674,9
1675,12
1676,15
1677,10
1678,32
1679,32
1680,7
1681,26
1682,17
1683,12
1684,23
1685,12
1686,9
1687,40
1688,9
1689,15
1690,13
1691,31
1692,9
1693,22
1694,27
1695,31
1696,22
1697,23
1698,11
1699,17
1700,14
1701,9
1702,21
1703,13
1704,16
1705,13
1706,17
1707,22
1708,17
1709,25
1710,23
1711,20
1712,24
1713,17
1714,15
1715,18
1716,16
1717,14
1718,10
1719,13
1720,12
1721,27
1722,16
1723,31
1724,19
1725,38
1726,16
1727,25
1728,10
1729,25
1730,9
1731,8
1732,12
1733,19
1734,22
1735,9
1736,12
1737,8
1738,18
1739,21
1740,18
1741,19
1742,22
1743,29
1744,18
1745,25
1746,14
1747,14
1748,22
1749,17
1750,15
1751,8
1752,26
1753,9
1754,14
1755,19
1756,20
1757,10
1758,14
1759,18
1760,20
1761,12
1762,15
1763,29
1764,13
1765,8
1766,11
1767,20
1768,13
1769,18
1770,16
1771,27
1772,11
1773,8
1774,12
1775,17
1776,13
1777,11
1778,12
1779,15
1780,16
1781,10
1782,13
1783,15
1784,13
1785,17
1786,20
1787,10
1788,12
1789,28
1790,22
1791,13
1792,17
1793,9
1794,16
1795,19
1796,22
1797,9
1798,24
1799,14
1800,18
1801,17
1802,13
1803,17
1804,12
1805,35
1806,8
1807,9
1808,32
1809,7
1810,14
1811,13
1812,24
1813,10
1814,10
1815,28
1816,20
1817,14
1818,16
1819,14
1820,7
1821,20
1822,12
1823,44
1824,16
1825,39
1826,12
1827,11
1828,20
1829,15
1830,17
1831,13
1832,17
1833,15
1834,20
1835,22
1836,20
1837,13
1838,12
1839,16
1840,21
1841,19
1842,15
1843,24
1844,34
1845,19
1846,33
1847,23
1848,14
1849,14
1850,17
1851,13
1852,27
1853,20
1854,18
1855,14
1856,25
1857,37
1858,13
1859,31
1860,16
1861,24
1862,14
1863,15
1864,13
1865,17
1866,15
1867,9
1868,17
1869,15
1870,18
1871,9
1872,13
1873,17
1874,24
1875,15
1876,18
1877,22
1878,24
1879,17
1880,23
1881,10
1882,20
1883,12
1884,14
1885,20
1886,12
1887,19
1888,28
1889,13
1890,34
1891,21
1892,20
1893,17
1894,20
1895,30
1896,17
1897,28
1898,23
1899,17
1900,29
1901,23
1902,9
1903,24
1904,15
1905,28
1906,17
1907,9
1908,20
1909,29
1910,29
1911,13
1912,19
1913,16
1914,15
1915,11
1916,26
1917,12
1918,35
1919,13
1920,19
1921,13
1922,21
1923,21
1924,17
1925,16
1926,14
1927,16
1928,21
1929,16
1930,21
1931,17
1932,16
1933,18
1934,26
1935,10
1936,11
1937,26
1938,22
1939,13
1940,28
1941,31
1942,15
1943,19
1944,9
1945,8
1946,24
1947,34
1948,24
1949,13
1950,18
1951,15
1952,11
1953,8
1954,11
1955,9
1956,10
1957,12
1958,25
1959,8
1960,20
1961,21
1962,15
1963,23
1964,13
1965,32
1966,19
1967,14
1968,11
1969,17
1970,15
1971,15
1972,14
1973,17
1974,12
1975,12
1976,9
1977,24
1978,12
1979,16
1980,17
1981,13
1982,16
1983,17
1984,19
1985,32
1986,15
1987,16
1988,10
1989,26
1990,17
1991,15
1992,12
1993,8
1994,18
1995,8
1996,17
1997,21
1998,24
1999,24
2000,13
2001,13
2002,11
2003,9
2004,24
2005,27
2006,28
2007,10
2008,23
2009,12
2010,12
2011,12
2012,14
2013,16
2014,21
2015,7
2016,24
2017,14
2018,15
2019,8
2020,24
2021,32
2022,17
2023,14
2024,18
2025,18
2026,24
2027,11
2028,23
2029,17
2030,20
2031,23
2032,24
2033,12
2034,18
2035,22
2036,12
2037,15
2038,8
2039,42
2040,20
2041,10
2042,19
2043,25
2044,16
2045,20
2046,13
2047,12
2048,30
2049,17
2050,9
2051,32
2052,13
2053,18
2054,25
2055,28
2056,14
2057,17
2058,15
2059,28
2060,23
2061,15
2062,20
2063,17
2064,20
2065,17
2066,23
2067,12
2068,29
2069,15
2070,18
2071,10
2072,19
2073,23
2074,21
2075,24
2076,11
2077,7
2078,13
2079,21
2080,27
2081,24
2082,9
2083,26
2084,24
2085,8
2086,20
2087,16
2088,9
2089,15
2090,12
2091,16
2092,20
2093,8
2094,16
2095,8
2096,18
2097,15
2098,20
2099,25
2100,13
2101,25
2102,22
2103,30
2104,24
2105,12
2106,12
2107,38
2108,10
2109,13
2110,10
2111,30
2112,15
2113,15
2114,27
2115,10
2116,24
2117,23
2118,13
2119,18
2120,23
2121,28
2122,19
2123,34
2124,26
2125,14
2126,24
2127,14
2128,14
2129,19
2130,12
2131,9
2132,23
2133,13
2134,22
2135,14
2136,16
2137,32
2138,23
2139,15
2140,11
2141,29
2142,16
2143,20
2144,17
2145,18
2146,10
2147,11
2148,27
2149,17
2150,10
2151,23
2152,12
2153,26
2154,16
2155,19
2156,12
2157,13
2158,21
2159,33
2160,11
2161,12
2162,8
2163,13
2164,13
2165,16
2166,10
2167,14
2168,35
2169,18
2170,11
2171,10
2172,13
2173,24
2174,25
2175,14
2176,27
2177,24
2178,21
2179,8
2180,18
2181,9
2182,23
2183,14
2184,28
2185,13
2186,27
2187,12
2188,32
2189,20
2190,9
2191,18
2192,13
2193,17
2194,18
2195,15
2196,15
2197,12
2198,18
2199,14
2200,8
2201,15
2202,26
2203,16
2204,8
2205,15
2206,18
2207,13
2208,17
2209,25
2210,27
2211,30
2212,8
2213,27
2214,25
2215,20
2216,25
2217,17
2218,13
2219,46
2220,18
2221,19
2222,10
2223,12
2224,19
2225,13
2226,14
2227,12
2228,17
2229,14
2230,13
2231,11
2232,9
2233,17
2234,17
2235,24
2236,28
2237,20
2238,8
2239,11
2240,18
2241,10
2242,13
2243,20
2244,11
2245,13
2246,20
2247,23
2248,24
2249,15
2250,16
2251,19
2252,11
2253,18
2254,20
2255,15
2256,25
2257,14
2258,11
2259,16
2260,10
2261,8
2262,18
2263,13
2264,18
2265,26
2266,8
2267,15
2268,9
2269,24
2270,11
2271,14
2272,23
2273,27
2274,25
2275,7
2276,12
2277,16
2278,40
2279,12
2280,14
2281,18
2282,20
2283,12
2284,11
2285,9
2286,10
2287,11
2288,25
2289,18
2290,17
2291,10
2292,22
2293,10
2294,17
2295,12
2296,17
2297,20
2298,14
2299,25
2300,31
2301,23
2302,20
2303,25
2304,11
2305,10
2306,11
2307,19
2308,15
2309,26
2310,24
2311,12
2312,19
2313,18
2314,11
2315,10
2316,15
2317,20
2318,14
2319,12
2320,17
2321,10
2322,11
2323,16
2324,22
2325,27
2326,10
2327,13
2328,21
2329,16
2330,21
2331,9
2332,8
2333,13
2334,13
2335,17
2336,25
2337,14
2338,12
2339,10
2340,9
2341,10
2342,28
2343,31
2344,30
2345,44
2346,22
2347,14
2348,31
2349,20
2350,23
2351,16
2352,14
2353,23
2354,31
2355,18
2356,14
2357,11
2358,16
2359,21
2360,25
2361,12
2362,13
2363,10
2364,7
2365,25
2366,12
2367,20
2368,22
2369,23
2370,36
2371,30
2372,9
2373,10
2374,14
2375,30
2376,8
2377,22
2378,11
2379,15
2380,11
2381,16
2382,12
2383,28
2384,18
2385,13
2386,17
2387,18
2388,15
2389,22
2390,27
2391,18
2392,13
2393,13
2394,14
2395,15
2396,15
2397,24
2398,13
2399,21
2400,13
2401,18
2402,10
2403,16
2404,11
2405,18
2406,25
2407,22
2408,22
2409,21
2410,27
2411,28
2412,28
2413,22
2414,17
2415,16
2416,20
2417,30
2418,10
2419,12
2420,21
2421,18
2422,28
2423,30
2424,21
2425,29
2426,19
2427,12
2428,8
2429,11
2430,12
2431,33
2432,14
2433,18
2434,15
2435,19
2436,19
2437,15
2438,21
2439,17
2440,15
2441,10
2442,9
2443,15
2444,11
2445,13
2446,8
2447,34
2448,17
2449,9
2450,19
2451,17
2452,13
2453,14
2454,14
2455,15
2456,15
2457,44
2458,8
2459,9
2460,27
2461,11
2462,22
2463,13
2464,17
2465,25
2466,27
2467,20
2468,16
2469,15
2470,24
2471,16
2472,10
2473,18
2474,18
2475,12
2476,18
2477,21
2478,19
2479,24
2480,17
2481,16
2482,14
2483,24
2484,16
2485,12
2486,16
2487,13
2488,39
2489,12
2490,15
2491,12
2492,12
2493,13
2494,11
2495,13
2496,11
2497,32
2498,14
2499,14
2500,13
2501,21
2502,10
2503,11
2504,16
2505,14
2506,19
2507,13
2508,11
2509,18
2510,14
2511,17
2512,10
2513,20
2514,12
2515,15
2516,12
2517,10
2518,19
2519,10
2520,30
2521,13
2522,14
2523,7
2524,23
2525,20
2526,14
2527,14
2528,19
2529,13
2530,20
2531,18
2532,13
2533,12
2534,17
2535,14
2536,18
2537,13
2538,15
2539,8
2540,11
2541,20
2542,10
2543,19
2544,21
2545,10
2546,26
2547,26
2548,14
2549,8
2550,11
2551,14
2552,14
2553,30
2554,37
2555,22
2556,16
2557,18
2558,28
2559,10
2560,24
2561,26
2562,14
2563,30
2564,20
2565,14
2566,14
2567,10
2568,41
2569,17
2570,10
2571,20
2572,28
2573,16
2574,14
2575,19
2576,22
2577,9
2578,12
2579,20
2580,11
2581,13
2582,22
2583,8
2584,36
2585,10
2586,8
2587,15
2588,15
2589,16
2590,10
2591,10
2592,29
2593,18
2594,13
2595,40
2596,11
2597,14
2598,9
2599,28
2600,12
2601,11
2602,13
2603,17
2604,34
2605,11
2606,10
2607,21
2608,11
2609,16
2610,17
2611,25
2612,18
2613,11
2614,15
2615,14
2616,17
2617,10
2618,25
2619,17
2620,18
2621,24
2622,9
2623,23
2624,15
2625,14
2626,21
2627,11
2628,36
2629,11
2630,19
2631,26
2632,19
2633,20
2634,11
2635,17
2636,15
2637,14
2638,15
2639,21
2640,35
2641,12
2642,14
2643,11
2644,17
2645,15
2646,14
2647,9
2648,19
2649,12
2650,11
2651,14
2652,20
2653,16
2654,13
2655,29
2656,18
2657,10
2658,11
2659,8
2660,13
2661,18
2662,14
2663,24
2664,18
2665,17
2666,18
2667,12
2668,11
2669,23
2670,18
2671,13
2672,9
2673,19
2674,19
2675,14
2676,15
2677,23
2678,9
2679,17
2680,11
2681,27
2682,24
2683,15
2684,17
2685,22
2686,16
2687,20
2688,17
2689,18
2690,31
2691,26
2692,12
2693,24
2694,12
2695,21
2696,28
2697,12
2698,28
2699,28
2700,49
2701,12
2702,8
2703,11
2704,17
2705,11
2706,14
2707,14
2708,16
2709,12
2710,12
2711,9
2712,18
2713,16
2714,10
2715,32
2716,10
2717,26
2718,12
2719,13
2720,13
2721,31
2722,38
2723,26
2724,15
2725,17
2726,25
2727,20
2728,14
2729,17
2730,12
2731,28
2732,40
2733,14
2734,11
2735,13
2736,11
2737,12
2738,9
2739,9
2740,15
2741,18
2742,18
2743,8
2744,13
2745,21
2746,10
2747,12
2748,13
2749,15
2750,11
2751,12
2752,10
2753,14
2754,16
2755,15
2756,18
2757,15
2758,16
2759,10
2760,18
2761,14
2762,17
2763,15
2764,12
2765,9
2766,16
2767,22
2768,20
2769,19
2770,14
2771,16
2772,13
2773,35
2774,17
2775,17
2776,20
2777,15
2778,8
2779,17
2780,11
2781,28
2782,19
2783,10
2784,9
2785,8
2786,27
2787,14
2788,22
2789,9
2790,20
2791,16
2792,15
2793,26
2794,12
2795,11
2796,15
2797,19
2798,15
2799,12
2800,23
2801,11
2802,10
2803,27
2804,16
2805,11
2806,11
2807,11
2808,19
2809,11
2810,21
2811,26
2812,15
2813,17
2814,21
2815,9
2816,29
2817,19
2818,20
2819,20
2820,29
2821,23
2822,16
2823,12
2824,14
2825,33
2826,10
2827,18
2828,41
2829,24
2830,17
2831,14
2832,40
2833,15
2834,16
2835,15
2836,15
2837,12
2838,26
2839,16
2840,28
2841,8
2842,16
2843,21
2844,15
2845,12
2846,25
2847,18
2848,19
2849,22
2850,10
2851,28
2852,16
2853,18
2854,45
2855,26
2856,19
2857,13
2858,30
2859,14
2860,18
2861,36
2862,21
2863,15
2864,19
2865,9
2866,10
2867,15
2868,15
2869,17
2870,28
2871,14
2872,13
2873,20
2874,16
2875,14
2876,17
2877,9
2878,31
2879,27
2880,16
2881,27
2882,8
2883,15
2884,22
2885,11
2886,20
2887,23
2888,14
2889,18
2890,10
2891,25
2892,11
2893,22
2894,18
2895,23
2896,11
2897,25
2898,35
2899,34
2900,24
2901,15
2902,18
2903,11
2904,12
2905,21
2906,9
2907,19
2908,18
2909,13
2910,35
2911,9
2912,20
2913,35
2914,27
2915,16
2916,16
2917,30
2918,15
2919,15
2920,26
2921,16
2922,30
2923,20
2924,9
2925,15
2926,11
2927,18
2928,14
2929,18
2930,11
2931,14
2932,11
2933,19
2934,37
2935,15
2936,10
2937,18
2938,18
2939,20
2940,18
2941,32
2942,13
2943,17
2944,10
2945,23
2946,13
2947,14
2948,21
2949,13
2950,19
2951,16
2952,18
2953,7
2954,24
2955,7
2956,15
2957,11
2958,26
2959,15
2960,17
2961,11
2962,13
2963,18
2964,10
2965,13
2966,11
2967,10
2968,9
2969,9
2970,38
2971,23
2972,12
2973,9
2974,11
2975,14
2976,16
2977,16
2978,11
2979,12
2980,16
2981,7
2982,24
2983,16
2984,19
2985,17
2986,16
2987,13
2988,15
2989,11
2990,15
2991,16
2992,17
2993,21
2994,15
2995,20
2996,30
2997,13
2998,9
2999,10
3000,12
3001,21
3002,37
3003,12
3004,8
3005,18
3006,24
3007,15
3008,21
3009,22
3010,13
3011,16
3012,19
3013,12
3014,12
3015,19
3016,23
3017,14
3018,32
3019,14
3020,17
3021,16
3022,20
3023,8
3024,16
3025,11
3026,33
3027,10
3028,14
3029,14
3030,17
3031,18
3032,23
3033,17
3034,19
3035,13
3036,13
3037,21
3038,12
3039,22
3040,9
3041,18
3042,28
3043,23
3044,19
3045,10
3046,13
3047,21
3048,23
3049,23
3050,8
3051,14
3052,29
3053,18
3054,22
3055,20
3056,9
3057,18
3058,28
3059,16
3060,13
3061,45
3062,25
3063,23
3064,26
3065,16
3066,14
3067,11
3068,17
3069,11
3070,25
3071,15
3072,14
3073,18
3074,28
3075,24
3076,16
3077,11
3078,21
3079,17
3080,18
3081,21
3082,25
3083,11
3084,15
3085,12
3086,28
3087,19
3088,47
3089,28
3090,19
3091,12
3092,15
3093,12
3094,16
3095,16
3096,24
3097,30
3098,18
3099,20
3100,16
3101,20
3102,26
3103,17
3104,17
3105,14
3106,19
3107,19
3108,19
3109,17
3110,13
3111,12
3112,13
3113,18
3114,12
3115,20
3116,18
3117,24
3118,21
3119,9
3120,27
3121,13
3122,16
3123,27
3124,19
3125,13
3126,17
3127,16
3128,12
3129,19
3130,25
3131,18
3132,15
3133,16
3134,28
3135,25
3136,14
3137,13
3138,15
3139,27
3140,16
3141,17
3142,9
3143,7
3144,25
3145,13
3146,15
3147,23
3148,23
3149,8
3150,8
3151,12
3152,9
3153,19
3154,18
3155,19
3156,21
3157,18
3158,21
3159,15
3160,13
3161,22
3162,14
3163,29
3164,12
3165,21
3166,11
3167,29
3168,11
3169,27
3170,15
3171,19
3172,9
3173,16
3174,21
3175,18
3176,10
3177,18
3178,14
3179,39
3180,22
3181,13
3182,10
3183,12
3184,16
3185,19
3186,31
3187,9
3188,14
3189,16
3190,9
3191,11
3192,18
3193,15
3194,11
3195,15
3196,11
3197,12
3198,9
3199,15
3200,21
3201,22
3202,16
3203,21
3204,19
3205,12
3206,16
3207,16
3208,19
3209,9
3210,18
3211,13
3212,13
3213,28
3214,10
3215,11
3216,28
3217,15
3218,23
3219,22
3220,21
3221,12
3222,24
3223,22
3224,11
3225,25
3226,21
3227,18
3228,19
3229,16
3230,11
3231,12
3232,9
3233,17
3234,22
3235,9
3236,19
3237,11
3238,15
3239,26
3240,14
3241,10
3242,15
3243,12
3244,20
3245,11
3246,15
3247,9
3248,21
3249,16
3250,10
3251,11
3252,18
3253,10
3254,19
3255,8
3256,14
3257,12
3258,17
3259,11
3260,11
3261,12
3262,14
3263,15
3264,14
3265,24
3266,19
3267,18
3268,12
3269,15
3270,15
3271,21
3272,20
3273,9
3274,30
3275,11
3276,28
3277,15
3278,11
3279,17
3280,20
3281,24
3282,10
3283,20
3284,12
3285,9
3286,30
3287,14
3288,13
3289,16
3290,19
3291,21
3292,19
3293,14
3294,18
3295,26
3296,13
3297,21
3298,17
3299,19
3300,16
3301,17
3302,9
3303,21
3304,9
3305,22
3306,14
3307,16
3308,26
3309,11
3310,11
3311,17
3312,18
3313,16
3314,13
3315,13
3316,16
3317,16
3318,17
3319,9
3320,20
3321,12
3322,15
3323,12
3324,16
3325,12
3326,11
3327,22
3328,11
3329,20
3330,21
3331,15
3332,19
3333,14
3334,11
3335,31
3336,13
3337,22
3338,30
3339,12
3340,16
3341,11
3342,27
3343,20
3344,19
3345,31
3346,16
3347,22
3348,30
3349,15
3350,11
3351,10
3352,13
3353,9
3354,13
3355,45
3356,22
3357,8
3358,9
3359,11
3360,16
3361,20
3362,23
3363,19
3364,22
3365,15
3366,8
3367,16
3368,15
3369,13
3370,14
3371,27
3372,13
3373,16
3374,8
3375,10
3376,20
3377,23
3378,19
3379,25
3380,16
3381,18
3382,14
3383,14
3384,18
3385,28
3386,16
3387,13
3388,11
3389,10
3390,17
3391,13
3392,21
3393,16
3394,9
3395,16
3396,16
3397,9
3398,23
3399,16
3400,17
3401,24
3402,16
3403,32
3404,13
3405,14
3406,40
3407,14
3408,9
3409,18
3410,18
3411,18
3412,18
3413,14
3414,12
3415,28
3416,8
3417,25
3418,16
3419,16
3420,29
3421,17
3422,11
3423,13
3424,16
3425,18
3426,45
3427,18
3428,11
3429,12
3430,22
3431,9
3432,19
3433,15
3434,28
3435,23
3436,13
3437,15
3438,22
3439,24
3440,13
3441,18
3442,17
3443,25
3444,8
3445,35
3446,22
3447,12
3448,24
3449,10
3450,17
3451,14
3452,14
3453,24
3454,13
3455,8
3456,16
3457,19
3458,9
3459,25
3460,9
3461,17
3462,14
3463,15
3464,13
3465,20
3466,17
3467,9
3468,12
3469,21
3470,18
3471,16
3472,11
3473,12
3474,21
3475,8
3476,10
3477,22
3478,12
3479,14
3480,20
3481,37
3482,20
3483,20
3484,12
3485,10
3486,44
3487,10
3488,19
3489,22
3490,21
3491,11
3492,24
3493,12
3494,12
3495,11
3496,17
3497,18
3498,12
3499,23
3500,20
3501,13
3502,17
3503,24
3504,21
3505,11
3506,37
3507,13
3508,29
3509,12
3510,18
3511,13
3512,10
3513,20
3514,30
3515,12
3516,20
3517,13
3518,14
3519,25
3520,8
3521,12
3522,22
3523,10
3524,12
3525,25
3526,37
3527,15
3528,19
3529,19
3530,12
3531,13
3532,20
3533,17
3534,13
3535,14
3536,19
3537,24
3538,16
3539,12
3540,9
3541,23
3542,30
3543,16
3544,15
3545,17
3546,15
3547,21
3548,19
3549,31
3550,57
3551,16
3552,34
3553,13
3554,22
3555,30
3556,26
3557,9
3558,29
3559,16
3560,14
3561,33
3562,17
3563,38
3564,16
3565,18
3566,13
3567,26
3568,13
3569,26
3570,14
3571,18
3572,35
3573,21
3574,28
3575,13
3576,16
3577,24
3578,24
3579,16
3580,13
3581,24
3582,12
3583,12
3584,10
3585,13
3586,19
3587,17
3588,9
3589,15
3590,22
3591,25
3592,9
3593,20
3594,21
3595,14
3596,19
3597,14
3598,20
3599,31
3600,24
3601,27
3602,19
3603,21
3604,19
3605,18
3606,17
3607,34
3608,13
3609,11
3610,33
3611,18
3612,13
3613,19
3614,27
3615,20
3616,14
3617,15
3618,21
3619,36
3620,29
3621,12
3622,24
3623,16
3624,30
3625,15
3626,11
3627,10
3628,44
3629,18
3630,21
3631,14
3632,24
3633,15
3634,18
3635,14
3636,32
3637,28
3638,14
3639,14
3640,12
3641,35
3642,10
3643,13
3644,15
3645,24
3646,14
3647,18
3648,24
3649,13
3650,8
3651,9
3652,19
3653,16
3654,44
3655,26
3656,16
3657,15
3658,17
3659,8
3660,13
3661,15
3662,15
3663,18
3664,17
3665,20
3666,15
3667,19
3668,16
3669,31
3670,19
3671,22
3672,15
3673,52
3674,16
3675,27
3676,33
3677,11
3678,17
3679,29
3680,13
3681,7
3682,18
3683,11
3684,13
3685,19
3686,8
3687,15
3688,11
3689,13
3690,26
3691,15
3692,22
3693,46
3694,27
3695,15
3696,11
3697,16
3698,17
3699,10
3700,16
3701,10
3702,10
3703,20
3704,13
3705,18
3706,12
3707,12
3708,27
3709,26
3710,10
3711,18
3712,19
3713,12
3714,15
3715,18
3716,14
3717,17
3718,9
3719,10
3720,15
3721,12
3722,24
3723,10
3724,24
3725,29
3726,11
3727,21
3728,12
3729,19
3730,28
3731,14
3732,8
3733,16
3734,18
3735,18
3736,19
3737,12
3738,13
3739,33
3740,24
3741,15
3742,24
3743,16
3744,23
3745,14
3746,19
3747,15
3748,24
3749,21
3750,13
3751,21
3752,17
3753,19
3754,23
3755,19
3756,17
3757,14
3758,24
3759,20
3760,29
3761,15
3762,11
3763,19
3764,20
3765,13
3766,15
3767,11
3768,23
3769,20
3770,16
3771,10
3772,42
3773,19
3774,14
3775,17
3776,37
3777,14
3778,19
3779,20
3780,44
3781,11
3782,16
3783,11
3784,11
3785,18
3786,21
3787,23
3788,23
3789,21
3790,17
3791,46
3792,20
3793,10
3794,34
3795,28
3796,19
3797,31
3798,16
3799,23
3800,11
3801,39
3802,18
3803,20
3804,10
3805,30
3806,26
3807,22
3808,9
3809,16
3810,19
3811,12
3812,17
3813,15
3814,13
3815,11
3816,16
3817,24
3818,53
3819,15
3820,19
3821,23
3822,15
3823,12
3824,15
3825,12
3826,16
3827,15
3828,20
3829,15
3830,17
3831,28
3832,15
3833,20
3834,15
3835,11
3836,13
3837,23
3838,15
3839,17
3840,19
3841,13
3842,8
3843,14
3844,19
3845,13
3846,12
3847,9
3848,20
3849,11
3850,14
3851,16
3852,30
3853,29
3854,14
3855,23
3856,13
3857,26
3858,18
3859,17
3860,21
3861,14
3862,14
3863,16
3864,19
3865,16
3866,16
3867,16
3868,8
3869,12
3870,12
3871,10
3872,11
3873,19
3874,11
3875,13
3876,9
3877,16
3878,16
3879,9
3880,23
3881,33
3882,8
3883,21
3884,16
3885,18
3886,16
3887,26
3888,29
3889,27
3890,23
3891,23
3892,20
3893,18
3894,20
3895,13
3896,12
3897,16
3898,14
3899,13
3900,27
3901,12
3902,8
3903,13
3904,15
3905,14
3906,10
3907,7
3908,19
3909,21
3910,11
3911,12
3912,12
3913,15
3914,9
3915,19
3916,20
3917,15
3918,20
3919,10
3920,14
3921,18
3922,13
3923,13
3924,14
3925,24
3926,14
3927,14
3928,32
3929,7
3930,22
3931,14
3932,14
3933,10
3934,10
3935,19
3936,7
3937,12
3938,16
3939,18
3940,14
3941,18
3942,16
3943,15
3944,11
3945,12
3946,12
3947,30
3948,19
3949,19
3950,24
3951,17
3952,17
3953,19
3954,13
3955,15
3956,12
3957,10
3958,23
3959,7
3960,12
3961,11
3962,15
3963,12
3964,28
3965,15
3966,44
3967,30
3968,10
3969,14
3970,11
3971,16
3972,18
3973,19
3974,21
3975,17
3976,16
3977,15
3978,20
3979,15
3980,11
3981,12
3982,18
3983,16
3984,18
3985,15
3986,16
3987,20
3988,13
3989,15
3990,42
3991,17
3992,16
3993,9
3994,10
3995,14
3996,19
3997,13
3998,13
3999,14
4000,27
4001,12
4002,14
4003,20
4004,17
4005,17
4006,29
4007,11
4008,15
4009,13
4010,26
4011,10
4012,9
4013,19
4014,32
4015,17
4016,11
4017,24
4018,45
4019,8
4020,12
4021,14
4022,22
4023,18
4024,28
4025,18
4026,12
4027,28
4028,12
4029,15
4030,14
4031,14
4032,22
4033,10
4034,19
4035,18
4036,12
4037,12
4038,20
4039,20
4040,9
4041,17
4042,15
4043,32
4044,10
4045,14
4046,8
4047,24
4048,18
4049,17
4050,30
4051,30
4052,12
4053,20
4054,14
4055,8
4056,10
4057,14
4058,15
4059,23
4060,16
4061,13
4062,9
4063,37
4064,18
4065,15
4066,22
4067,18
4068,23
4069,18
4070,20
4071,21
4072,24
4073,10
4074,7
4075,31
4076,18
4077,13
4078,19
4079,10
4080,14
4081,12
4082,13
4083,17
4084,25
4085,33
4086,19
4087,13
4088,12
4089,28
4090,18
4091,17
4092,15
4093,13
4094,9
4095,17
4096,21
4097,9
4098,10
4099,14
4100,11
4101,13
4102,23
4103,19
4104,19
4105,25
4106,26
4107,13
4108,35
4109,16
4110,24
4111,11
4112,19
4113,32
4114,17
4115,31
4116,15
4117,12
4118,18
4119,15
4120,23
4121,19
4122,18
4123,17
4124,16
4125,11
4126,12
4127,9
4128,16
4129,14
4130,31
4131,12
4132,14
4133,40
4134,20
4135,12
4136,10
4137,26
4138,15
4139,25
4140,14
4141,11
4142,18
4143,9
4144,29
4145,20
4146,14
4147,14
4148,34
4149,16
4150,18
4151,13
4152,10
4153,16
4154,10
4155,9
4156,11
4157,27
4158,9
4159,13
4160,19
4161,21
4162,20
4163,15
4164,21
4165,23
4166,33
4167,29
4168,13
4169,27
4170,23
4171,21
4172,13
4173,16
4174,15
4175,14
4176,23
4177,7
4178,15
4179,9
4180,11
4181,37
4182,24
4183,8
4184,12
4185,13
4186,17
4187,11
4188,15
4189,26
4190,9
4191,12
4192,13
4193,22
4194,19
4195,12
4196,10
4197,25
4198,52
4199,42
4200,12
4201,23
4202,23
4203,11
4204,13
4205,17
4206,23
4207,17
4208,15
4209,14
4210,21
4211,22
4212,33
4213,15
4214,25
4215,13
4216,21
4217,12
4218,33
4219,15
4220,15
4221,12
4222,12
4223,23
4224,14
4225,9
4226,32
4227,15
4228,19
4229,17
4230,22
4231,14
4232,11
4233,16
4234,11
4235,8
4236,12
4237,27
4238,20
4239,15
4240,14
4241,21
4242,12
4243,19
4244,15
4245,15
4246,13
4247,23
4248,17
4249,14
4250,30
4251,14
4252,12
4253,28
4254,13
4255,20
4256,11
4257,18
4258,43
4259,10
4260,26
4261,14
4262,16
4263,8
4264,18
4265,20
4266,8
4267,14
4268,22
4269,17
4270,17
4271,11
4272,8
4273,28
4274,12
4275,15
4276,17
4277,16
4278,21
4279,16
4280,10
4281,11
4282,21
4283,20
4284,26
4285,10
4286,12
4287,19
4288,44
4289,15
4290,18
4291,34
4292,8
4293,8
4294,7
4295,16
4296,15
4297,14
4298,12
4299,19
4300,23
4301,13
4302,37
4303,22
4304,16
4305,12
4306,18
4307,13
4308,11
4309,24
4310,18
4311,20
4312,24
4313,16
4314,17
4315,12
4316,28
4317,10
4318,16
4319,12
4320,16
4321,39
4322,28
4323,17
4324,18
4325,14
4326,31
4327,10
4328,23
4329,18
4330,23
4331,8
4332,12
4333,7
4334,15
4335,15
4336,17
4337,23
4338,11
4339,12
4340,19
4341,18
4342,18
4343,15
4344,12
4345,8
4346,22
4347,15
4348,18
4349,17
4350,29
4351,10
4352,23
4353,17
4354,22
4355,12
4356,20
4357,13
4358,16
4359,18
4360,13
4361,22
4362,27
4363,15
4364,19
4365,10
4366,28
4367,21
4368,23
4369,16
4370,12
4371,18
4372,14
4373,24
4374,15
4375,24
4376,16
4377,13
4378,25
4379,18
4380,22
4381,28
4382,15
4383,11
4384,14
4385,23
4386,17
4387,14
4388,20
4389,25
4390,9
4391,18
4392,15
4393,11
4394,17
4395,19
4396,12
4397,28
4398,19
4399,15
4400,14
4401,13
4402,10
4403,13
4404,20
4405,23
4406,15
4407,13
4408,17
4409,19
4410,13
4411,12
4412,24
4413,12
4414,18
4415,18
4416,14
4417,12
4418,13
4419,15
4420,17
4421,11
4422,12
4423,24
4424,15
4425,8
4426,18
4427,19
4428,18
4429,12
4430,18
4431,16
4432,23
4433,15
4434,28
4435,28
4436,20
4437,17
4438,10
4439,18
4440,15
4441,32
4442,17
4443,11
4444,30
4445,16
4446,30
4447,17
4448,40
4449,19
4450,18
4451,20
4452,16
4453,20
4454,25
4455,13
4456,14
4457,25
4458,16
4459,25
4460,12
4461,18
4462,12
4463,8
4464,19
4465,13
4466,21
4467,8
4468,8
4469,14
4470,17
4471,28
4472,21
4473,38
4474,14
4475,38
4476,24
4477,39
4478,15
4479,16
4480,16
4481,20
4482,16
4483,21
4484,28
4485,10
4486,24
4487,24
4488,17
4489,20
4490,14
4491,9
4492,14
4493,19
4494,16
4495,20
4496,7
4497,19
4498,17
4499,8
4500,13
4501,23
4502,18
4503,15
4504,20
4505,13
4506,24
4507,15
4508,38
4509,13
4510,21
4511,13
4512,13
4513,23
4514,24
4515,14
4516,16
4517,11
4518,14
4519,18
4520,17
4521,26
4522,34
4523,24
4524,9
4525,14
4526,12
4527,21
4528,23
4529,10
4530,11
4531,11
4532,14
4533,16
4534,10
4535,14
4536,27
4537,10
4538,14
4539,33
4540,22
4541,13
4542,26
4543,20
4544,15
4545,16
4546,22
4547,29
4548,16
4549,20
4550,16
4551,17
4552,21
4553,16
4554,14
4555,23
4556,20
4557,24
4558,32
4559,18
4560,15
4561,25
4562,8
4563,25
4564,14
4565,18
4566,9
4567,15
4568,17
4569,15
4570,19
4571,22
4572,12
4573,17
4574,12
4575,26
4576,19
4577,25
4578,14
4579,21
4580,21
4581,15
4582,31
4583,16
4584,15
4585,26
4586,10
4587,27
4588,17
4589,20
4590,12
4591,10
4592,10
4593,9
4594,37
4595,19
4596,17
4597,12
4598,13
4599,18
4600,11
4601,18
4602,22
4603,16
4604,12
4605,8
4606,12
4607,17
4608,11
4609,24
4610,37
4611,10
4612,14
4613,19
4614,21
4615,11
4616,26
4617,8
4618,11
4619,20
4620,30
4621,13
4622,24
4623,15
4624,27
4625,16
4626,14
4627,16
4628,12
4629,18
4630,30
4631,23
4632,15
4633,28
4634,19
4635,9
4636,11
4637,8
4638,23
4639,21
4640,28
4641,13
4642,13
4643,13
4644,17
4645,21
4646,28
4647,12
4648,20
4649,17
4650,13
4651,16
4652,19
4653,10
4654,20
4655,14
4656,17
4657,22
4658,21
4659,20
4660,16
4661,18
4662,24
4663,15
4664,25
4665,10
4666,22
4667,17
4668,7
4669,11
4670,23
4671,11
4672,15
4673,16
4674,16
4675,26
4676,17
4677,14
4678,17
4679,15
4680,14
4681,19
4682,21
4683,25
4684,10
4685,11
4686,11
4687,15
4688,24
4689,16
4690,15
4691,18
4692,19
4693,27
4694,26
4695,24
4696,18
4697,18
4698,9
4699,12
4700,16
4701,22
4702,19
4703,27
4704,36
4705,14
4706,9
4707,12
4708,10
4709,12
4710,13
4711,21
4712,17
4713,12
4714,18
4715,26
4716,9
4717,25
4718,8
4719,8
4720,33
4721,26
4722,9
4723,30
4724,13
4725,9
4726,22
4727,17
4728,24
4729,18
4730,22
4731,12
4732,19
4733,14
4734,24
4735,13
4736,29
4737,17
4738,31
4739,10
4740,12
4741,7
4742,15
4743,23
4744,18
4745,18
4746,24
4747,11
4748,21
4749,20
4750,35
4751,18
4752,13
4753,21
4754,16
4755,8
4756,15
4757,17
4758,22
4759,16
4760,8
4761,11
4762,25
4763,14
4764,7
4765,15
4766,31
4767,10
4768,12
4769,17
4770,16
4771,21
4772,26
4773,16
4774,13
4775,10
4776,14
4777,9
4778,12
4779,21
4780,17
4781,12
4782,12
4783,9
4784,18
4785,19
4786,25
4787,23
4788,9
4789,9
4790,12
4791,10
4792,21
4793,22
4794,12
4795,12
4796,15
4797,22
4798,11
4799,43
4800,37
4801,10
4802,10
4803,12
4804,8
4805,31
4806,12
4807,10
4808,18
4809,24
4810,12
4811,11
4812,11
4813,11
4814,20
4815,14
4816,17
4817,15
4818,44
4819,14
4820,9
4821,23
4822,14
4823,14
4824,9
4825,11
4826,11
4827,15
4828,17
4829,23
4830,12
4831,12
4832,14
4833,20
4834,13
4835,27
4836,38
4837,14
4838,26
4839,24
4840,27
4841,10
4842,25
4843,11
4844,13
4845,24
4846,13
4847,23
4848,19
4849,19
4850,23
4851,12
4852,34
4853,15
4854,10
4855,23
4856,23
4857,20
4858,11
4859,41
4860,34
4861,15
4862,11
4863,13
4864,22
4865,13
4866,13
4867,21
4868,7
4869,18
4870,9
4871,22
4872,22
4873,10
4874,10
4875,8
4876,10
4877,26
4878,47
4879,9
4880,9
4881,12
4882,10
4883,11
4884,34
4885,19
4886,17
4887,24
4888,30
4889,28
4890,9
4891,14
4892,12
4893,12
4894,11
4895,9
4896,8
4897,18
4898,37
4899,11
4900,8
4901,25
4902,17
4903,18
4904,23
4905,17
4906,18
4907,34
4908,18
4909,13
4910,17
4911,12
4912,9
4913,14
4914,15
4915,11
4916,19
4917,18
4918,15
4919,14
4920,18
4921,15
4922,9
4923,30
4924,13
4925,18
4926,19
4927,14
4928,10
4929,14
4930,14
4931,20
4932,12
4933,18
4934,10
4935,17
4936,32
4937,17
4938,8
4939,8
4940,13
4941,14
4942,17
4943,12
4944,17
4945,13
4946,23
4947,35
4948,32
4949,19
4950,18
4951,20
4952,14
4953,11
4954,19
4955,18
4956,21
4957,15
4958,13
4959,11
4960,21
4961,20
4962,15
4963,13
4964,18
4965,22
4966,7
4967,14
4968,15
4969,10
4970,20
4971,18
4972,17
4973,17
4974,16
4975,18
4976,20
4977,18
4978,11
4979,17
4980,31
4981,25
4982,13
4983,17
4984,20
4985,10
4986,21
4987,27
4988,14
4989,14
4990,14
4991,15
4992,29
4993,21
4994,12
4995,9
4996,17
4997,10
4998,26
4999,21
5000,17
5001,9
5002,15
5003,25
5004,20
5005,17
5006,18
5007,12
5008,8
5009,27
5010,24
5011,29
5012,14
5013,24
5014,18
5015,26
5016,19
5017,28
5018,21
5019,14
5020,8
5021,18
5022,16
5023,12
5024,10
5025,17
5026,17
5027,19
5028,18
5029,9
5030,29
5031,8
5032,12
5033,24
5034,11
5035,17
5036,18
5037,19
5038,25
5039,19
5040,11
5041,12
5042,16
5043,29
5044,18
5045,23
5046,11
5047,10
5048,12
5049,23
5050,10
5051,16
5052,43
5053,27
5054,10
5055,17
5056,13
5057,12
5058,13
5059,14
5060,18
5061,24
5062,19
5063,11
5064,30
5065,10
5066,17
5067,15
5068,18
5069,20
5070,27
5071,19
5072,30
5073,30
5074,12
5075,22
5076,15
5077,22
5078,24
5079,12
5080,17
5081,18
5082,29
5083,11
5084,17
5085,21
5086,12
5087,15
5088,18
5089,14
5090,14
5091,12
5092,23
5093,21
5094,17
5095,21
5096,12
5097,9
5098,16
5099,10
5100,10
5101,14
5102,18
5103,14
5104,20
5105,14
5106,20
5107,10
5108,21
5109,17
5110,20
5111,14
5112,15
5113,22
5114,24
5115,21
5116,10
5117,19
5118,13
5119,11
5120,23
5121,24
5122,34
5123,13
5124,12
5125,24
5126,18
5127,11
5128,17
5129,20
5130,12
5131,12
5132,18
5133,14
5134,21
5135,20
5136,16
5137,11
5138,25
5139,13
5140,18
5141,13
5142,8
5143,10
5144,9
5145,25
5146,14
5147,11
5148,22
5149,18
5150,18
5151,25
5152,10
5153,14
5154,30
5155,34
5156,17
5157,12
5158,14
5159,15
5160,24
5161,22
5162,17
5163,16
5164,13
5165,16
5166,9
5167,7
5168,12
5169,15
5170,26
5171,7
5172,16
5173,12
5174,15
5175,11
5176,14
5177,10
5178,13
5179,17
5180,36
5181,12
5182,25
5183,14
5184,9
5185,9
5186,21
5187,9
5188,16
5189,14
5190,21
5191,23
5192,12
5193,8
5194,13
5195,23
5196,21
5197,11
5198,15
5199,18
5200,29
5201,9
5202,15
5203,24
5204,23
5205,13
5206,11
5207,57
5208,25
5209,28
5210,10
5211,10
5212,31
5213,37
5214,9
5215,15
5216,16
5217,13
5218,21
5219,17
5220,11
5221,36
5222,14
5223,20
5224,18
5225,15
5226,14
5227,22
5228,10
5229,13
5230,8
5231,13
5232,20
5233,14
5234,20
5235,11
5236,18
5237,19
5238,8
5239,10
5240,22
5241,15
5242,18
5243,18
5244,23
5245,24
5246,14
5247,11
5248,12
5249,23
5250,20
5251,16
5252,13
5253,17
5254,13
5255,17
5256,16
5257,12
5258,23
5259,12
5260,14
5261,24
5262,21
5263,27
5264,34
5265,17
5266,13
5267,19
5268,7
5269,20
5270,12
5271,22
5272,19
5273,29
5274,8
5275,11
5276,11
5277,21
5278,11
5279,10
5280,14
5281,20
5282,23
5283,12
5284,14
5285,13
5286,9
5287,30
5288,12
5289,24
5290,27
5291,26
5292,14
5293,8
5294,25
5295,13
5296,16
5297,12
5298,24
5299,15
5300,9
5301,25
5302,12
5303,9
5304,17
5305,10
5306,20
5307,28
5308,9
5309,14
5310,13
5311,9
5312,18
5313,11
5314,18
5315,24
5316,11
5317,11
5318,30
5319,17
5320,14
5321,28
5322,10
5323,42
5324,14
5325,20
5326,21
5327,15
5328,14
5329,10
5330,14
5331,12
5332,32
5333,27
5334,27
5335,23
5336,15
5337,13
5338,7
5339,24
5340,20
5341,27
5342,10
5343,23
5344,12
5345,15
5346,22
5347,26
5348,21
5349,19
5350,11
5351,18
5352,23
5353,22
5354,13
5355,17
5356,21
5357,11
5358,12
5359,14
5360,21
5361,25
5362,19
5363,11
5364,9
5365,9
5366,18
5367,17
5368,14
5369,12
5370,18
5371,23
5372,10
5373,12
5374,18
5375,11
5376,20
5377,13
5378,20
5379,15
5380,26
5381,20
5382,20
5383,10
5384,24
5385,19
5386,22
5387,11
5388,13
5389,17
5390,20
5391,14
5392,10
5393,19
5394,20
5395,15
5396,19
5397,16
5398,12
5399,16
5400,21
5401,15
5402,16
5403,24
5404,15
5405,19
5406,19
5407,12
5408,9
5409,30
5410,13
5411,18
5412,17
5413,19
5414,17
5415,24
5416,43
5417,19
5418,8
5419,40
5420,18
5421,26
5422,32
5423,17
5424,18
5425,10
5426,24
5427,16
5428,15
5429,15
5430,10
5431,24
5432,8
5433,20
5434,21
5435,15
5436,7
5437,14
5438,17
5439,26
5440,9
5441,12
5442,22
5443,17
5444,14
5445,11
5446,20
5447,18
5448,14
5449,17
5450,10
5451,8
5452,10
5453,12
5454,12
5455,16
5456,38
5457,14
5458,8
5459,11
5460,19
5461,25
5462,27
5463,7
5464,25
5465,11
5466,10
5467,19
5468,12
5469,7
5470,25
5471,19
5472,20
5473,15
5474,13
5475,16
5476,24
5477,28
5478,12
5479,12
5480,15
5481,15
5482,25
5483,11
5484,22
5485,13
5486,23
5487,15
5488,12
5489,20
5490,10
5491,10
5492,16
5493,12
5494,21
5495,21
5496,29
5497,16
5498,11
5499,18
5500,26
5501,11
5502,24
5503,14
5504,22
5505,18
5506,19
5507,18
5508,19
5509,16
5510,19
5511,26
5512,17
5513,20
5514,15
5515,13
5516,24
5517,18
5518,17
5519,26
5520,23
5521,20
5522,23
5523,15
5524,19
5525,15
5526,25
5527,16
5528,22
5529,10
5530,12
5531,29
5532,13
5533,14
5534,14
5535,12
5536,15
5537,17
5538,19
5539,12
5540,12
5541,18
5542,17
5543,12
5544,30
5545,19
5546,15
5547,8
5548,12
5549,14
5550,13
5551,11
5552,11
5553,13
5554,16
5555,26
5556,13
5557,15
5558,10
5559,15
5560,14
5561,17
5562,17
5563,8
5564,16
5565,13
5566,17
5567,29
5568,15
5569,15
5570,20
5571,16
5572,21
5573,11
5574,10
5575,12
5576,9
5577,12
5578,22
5579,12
5580,29
5581,18
5582,10
5583,16
5584,13
5585,14
5586,15
5587,9
5588,14
5589,19
5590,19
5591,13
5592,14
5593,21
5594,19
5595,9
5596,15
5597,23
5598,17
5599,28
5600,22
5601,14
5602,15
5603,14
5604,16
5605,24
5606,24
5607,24
5608,35
5609,34
5610,9
5611,10
5612,13
5613,15
5614,16
5615,17
5616,13
5617,28
5618,19
5619,10
5620,15
5621,18
5622,21
5623,24
5624,27
5625,36
5626,15
5627,19
5628,16
5629,14
5630,9
5631,8
5632,11
5633,17
5634,19
5635,19
5636,26
5637,16
5638,7
5639,34
5640,15
5641,15
5642,13
5643,11
5644,26
5645,12
5646,19
5647,27
5648,18
5649,9
5650,14
5651,26
5652,15
5653,9
5654,26
5655,18
5656,23
5657,14
5658,14
5659,8
5660,21
5661,14
5662,22
5663,13
5664,13
5665,20
5666,38
5667,26
5668,8
5669,20
5670,10
5671,23
5672,25
5673,11
5674,28
5675,17
5676,13
5677,20
5678,13
5679,14
5680,10
5681,13
5682,23
5683,14
5684,14
5685,17
5686,14
5687,35
5688,25
5689,14
5690,10
5691,10
5692,17
5693,17
5694,12
5695,24
5696,19
5697,20
5698,15
5699,20
5700,30
5701,22
5702,21
5703,21
5704,20
5705,8
5706,10
5707,42
5708,15
5709,19
5710,21
5711,17
5712,14
5713,32
5714,13
5715,14
5716,19
5717,26
5718,18
5719,11
5720,17
5721,16
5722,9
5723,26
5724,12
5725,13
5726,12
5727,12
5728,10
5729,26
5730,14
5731,12
5732,8
5733,11
5734,8
5735,23
5736,11
5737,14
5738,19
5739,15
5740,26
5741,20
5742,12
5743,18
5744,13
5745,9
5746,13
5747,19
5748,11
5749,9
5750,11
5751,22
5752,13
5753,18
5754,12
5755,12
5756,14
5757,17
5758,23
5759,16
5760,17
5761,21
5762,9
5763,22
5764,34
5765,14
5766,14
5767,18
5768,21
5769,7
5770,12
5771,20
5772,21
5773,21
5774,12
5775,24
5776,8
5777,10
5778,18
5779,27
5780,18
5781,13
5782,15
5783,12
5784,19
5785,18
5786,11
5787,14
5788,20
5789,10
5790,10
5791,14
5792,16
5793,8
5794,21
5795,21
5796,17
5797,13
5798,23
5799,18
5800,18
5801,15
5802,19
5803,16
5804,19
5805,24
5806,22
5807,12
5808,14
5809,14
5810,32
5811,14
5812,14
5813,9
5814,12
5815,14
5816,15
5817,18
5818,17
5819,12
5820,14
5821,25
5822,17
5823,14
5824,8
5825,12
5826,18
5827,29
5828,19
5829,12
5830,12
5831,12
5832,35
5833,10
5834,21
5835,15
5836,11
5837,17
5838,14
5839,27
5840,22
5841,14
5842,17
5843,19
5844,17
5845,12
5846,17
5847,17
5848,15
5849,23
5850,14
5851,7
5852,40
5853,21
5854,7
5855,36
5856,32
5857,16
5858,25
5859,14
5860,12
5861,27
5862,16
5863,20
5864,21
5865,17
5866,18
5867,11
5868,14
5869,11
5870,15
5871,23
5872,21
5873,16
5874,25
5875,27
5876,13
5877,21
5878,14
5879,11
5880,18
5881,17
5882,13
5883,18
5884,19
5885,21
5886,20
5887,11
5888,14
5889,14
5890,17
5891,14
5892,22
5893,14
5894,15
5895,15
5896,18
5897,30
5898,11
5899,20
5900,12
5901,16
5902,14
5903,16
5904,23
5905,21
5906,24
5907,22
5908,10
5909,23
5910,21
5911,11
5912,27
5913,10
5914,13
5915,8
5916,9
5917,14
5918,10
5919,29
5920,26
5921,14
5922,19
5923,19
5924,26
5925,25
5926,9
5927,15
5928,19
5929,21
5930,28
5931,17
5932,14
5933,17
5934,24
5935,11
5936,25
5937,25
5938,20
5939,23
5940,12
5941,19
5942,17
5943,22
5944,13
5945,13
5946,11
5947,27
5948,17
5949,18
5950,11
5951,20
5952,18
5953,11
5954,23
5955,26
5956,25
5957,11
5958,24
5959,37
5960,10
5961,22
5962,13
5963,26
5964,21
5965,12
5966,29
5967,18
5968,9
5969,10
5970,17
5971,20
5972,9
5973,41
5974,20
5975,16
5976,22
5977,19
5978,12
5979,34
5980,15
5981,19
5982,24
5983,13
5984,13
5985,17
5986,16
5987,26
5988,15
5989,35
5990,20
5991,16
5992,20
5993,27
5994,17
5995,19
5996,10
5997,14
5998,20
5999,19
6000,21
6001,17
6002,13
6003,18
6004,16
6005,18
6006,10
6007,20
6008,15
6009,12
6010,21
6011,18
6012,13
6013,21
6014,10
6015,25
6016,19
6017,32
6018,10
6019,41
6020,10
6021,21
6022,24
6023,24
6024,17
6025,8
6026,10
6027,20
6028,19
6029,13
6030,8
6031,17
6032,13
6033,17
6034,11
6035,14
6036,11
6037,12
6038,12
6039,26
6040,27
6041,9
6042,17
6043,12
6044,9
6045,10
6046,11
6047,17
6048,36
6049,9
6050,8
6051,29
6052,14
6053,23
6054,25
6055,26
6056,19
6057,17
6058,17
6059,12
6060,13
6061,20
6062,24
6063,18
6064,14
6065,18
6066,18
6067,14
6068,29
6069,12
6070,9
6071,12
6072,48
6073,11
6074,23
6075,16
6076,14
6077,12
6078,13
6079,9
6080,16
6081,13
6082,21
6083,31
6084,10
6085,24
6086,15
6087,13
6088,22
6089,10
6090,14
6091,20
6092,18
6093,16
6094,8
6095,21
6096,29
6097,18
6098,30
6099,15
6100,16
6101,17
6102,16
6103,12
6104,24
6105,12
6106,14
6107,30
6108,23
6109,12
6110,13
6111,16
6112,11
6113,18
6114,22
6115,10
6116,14
6117,16
6118,17
6119,32
6120,26
6121,15
6122,21
6123,15
6124,18
6125,26
6126,22
6127,27
6128,11
6129,25
6130,26
6131,19
6132,18
6133,12
6134,21
6135,11
6136,21
6137,15
6138,20
6139,21
6140,12
6141,13
6142,10
6143,15
6144,15
6145,12
6146,21
6147,28
6148,9
6149,23
6150,14
6151,26
6152,13
6153,13
6154,13
6155,8
6156,13
6157,17
6158,17
6159,12
6160,21
6161,20
6162,12
6163,15
6164,17
6165,16
6166,25
6167,7
6168,10
6169,10
6170,10
6171,11
6172,14
6173,20
6174,21
6175,15
6176,8
6177,13
6178,9
6179,14
6180,11
6181,21
6182,17
6183,14
6184,17
6185,26
6186,16
6187,25
6188,10
6189,11
6190,11
6191,19
6192,13
6193,21
6194,16
6195,10
6196,8
6197,12
6198,9
6199,19
6200,13
6201,19
6202,14
6203,15
6204,29
6205,27
6206,8
6207,8
6208,33
6209,18
6210,16
6211,25
6212,13
6213,18
6214,9
6215,22
6216,23
6217,11
6218,12
6219,20
6220,13
6221,12
6222,32
6223,20
6224,17
6225,12
6226,22
6227,21
6228,21
6229,18
6230,20
6231,30
6232,23
6233,13
6234,11
6235,11
6236,13
6237,18
6238,26
6239,16
6240,20
6241,10
6242,11
6243,28
6244,13
6245,25
6246,38
6247,11
6248,30
6249,16
6250,14
6251,20
6252,26
6253,15
6254,15
6255,12
6256,35
6257,16
6258,21
6259,31
6260,13
6261,17
6262,10
6263,18
6264,17
6265,22
6266,16
6267,9
6268,11
6269,11
6270,13
6271,19
6272,13
6273,10
6274,13
6275,14
6276,11
6277,20
6278,12
6279,11
6280,13
6281,10
6282,15
6283,25
6284,26
6285,14
6286,8
6287,15
6288,16
6289,13
6290,26
6291,9
6292,18
6293,12
6294,12
6295,16
6296,11
6297,13
6298,12
6299,23
6300,13
6301,20
6302,23
6303,12
6304,15
6305,22
6306,18
6307,25
6308,17
6309,26
6310,12
6311,26
6312,23
6313,25
6314,20
6315,24
6316,14
6317,15
6318,22
6319,9
6320,10
6321,17
6322,15
6323,37
6324,16
6325,28
6326,16
6327,39
6328,24
6329,47
6330,17
6331,34
6332,23
6333,20
6334,21
6335,16
6336,10
6337,22
6338,12
6339,30
6340,16
6341,21
6342,13
6343,23
6344,10
6345,31
6346,16
6347,14
6348,15
6349,27
6350,19
6351,15
6352,13
6353,35
6354,23
6355,14
6356,22
6357,24
6358,20
6359,10
6360,13
6361,16
6362,18
6363,27
6364,20
6365,10
6366,19
6367,20
6368,12
6369,21
6370,24
6371,23
6372,16
6373,22
6374,10
6375,14
6376,12
6377,11
6378,24
6379,14
6380,12
6381,30
6382,16
6383,20
6384,19
6385,24
6386,21
6387,23
6388,11
6389,12
6390,14
6391,14
6392,22
6393,15
6394,17
6395,13
6396,24
6397,14
6398,12
6399,21
6400,26
6401,25
6402,11
6403,14
6404,16
6405,22
6406,17
6407,22
6408,18
6409,15
6410,10
6411,18
6412,13
6413,17
6414,14
6415,10
6416,15
6417,26
6418,12
6419,17
6420,22
6421,9
6422,16
6423,20
6424,31
6425,23
6426,13
6427,29
6428,20
6429,17
6430,21
6431,21
6432,10
6433,11
6434,17
6435,11
6436,9
6437,20
6438,16
6439,21
6440,25
6441,46
6442,14
6443,14
6444,10
6445,14
6446,10
6447,17
6448,18
6449,29
6450,13
6451,23
6452,9
6453,21
6454,13
6455,21
6456,14
6457,13
6458,25
6459,13
6460,27
6461,13
6462,30
6463,22
6464,31
6465,12
6466,25
6467,11
6468,22
6469,10
6470,13
6471,20
6472,14
6473,13
6474,23
6475,9
6476,15
6477,25
6478,25
6479,22
6480,21
6481,17
6482,21
6483,21
6484,15
6485,17
6486,17
6487,28
6488,17
6489,9
6490,14
6491,33
6492,15
6493,40
6494,12
6495,21
6496,34
6497,24
6498,20
6499,12
6500,11
6501,8
6502,12
6503,11
6504,18
6505,13
6506,11
6507,14
6508,14
6509,28
6510,35
6511,13
6512,19
6513,24
6514,15
6515,9
6516,20
6517,11
6518,14
6519,22
6520,19
6521,26
6522,13
6523,30
6524,19
6525,21
6526,18
6527,19
6528,19
6529,24
6530,18
6531,15
6532,16
6533,23
6534,19
6535,18
6536,15
6537,22
6538,11
6539,28
6540,16
6541,24
6542,27
6543,12
6544,17
6545,41
6546,22
6547,23
6548,12
6549,13
6550,20
6551,17
6552,30
6553,12
6554,22
6555,12
6556,15
6557,16
6558,28
6559,17
6560,18
6561,9
6562,16
6563,21
6564,12
6565,41
6566,21
6567,12
6568,24
6569,12
6570,10
6571,11
6572,19
6573,33
6574,33
6575,30
6576,15
6577,20
6578,25
6579,27
6580,10
6581,11
6582,13
6583,17
6584,17
6585,19
6586,31
6587,11
6588,19
6589,7
6590,28
6591,18
6592,19
6593,12
6594,12
6595,32
6596,8
6597,22
6598,10
6599,38
6600,15
6601,28
6602,15
6603,25
6604,15
6605,15
6606,9
6607,17
6608,22
6609,13
6610,14
6611,15
6612,12
6613,14
6614,16
6615,16
6616,20
6617,12
6618,25
6619,27
6620,11
6621,17
6622,12
6623,13
6624,22
6625,19
6626,23
6627,13
6628,17
6629,31
6630,18
6631,13
6632,7
6633,20
6634,15
6635,13
6636,13
6637,12
6638,11
6639,28
6640,20
6641,12
6642,9
6643,19
6644,30
6645,14
6646,14
6647,13
6648,9
6649,14
6650,17
6651,16
6652,9
6653,8
6654,11
6655,13
6656,11
6657,10
6658,9
6659,13
6660,11
6661,19
6662,7
6663,16
6664,9
6665,14
6666,27
6667,24
6668,11
6669,22
6670,12
6671,22
6672,18
6673,25
6674,12
6675,17
6676,38
6677,20
6678,27
6679,16
6680,10
6681,11
6682,25
6683,28
6684,18
6685,26
6686,23
6687,24
6688,18
6689,12
6690,18
6691,16
6692,17
6693,13
6694,28
6695,13
6696,30
6697,18
6698,12
6699,11
6700,9
6701,23
6702,16
6703,16
6704,11
6705,24
6706,23
6707,34
6708,12
6709,16
6710,15
6711,12
6712,11
6713,14
6714,15
6715,9
6716,13
6717,21
6718,23
6719,11
6720,13
6721,16
6722,19
6723,20
6724,13
6725,11
6726,24
6727,12
6728,17
6729,23
6730,17
6731,26
6732,13
6733,26
6734,19
6735,17
6736,12
6737,18
6738,15
6739,15
6740,19
6741,21
6742,15
6743,14
6744,10
6745,25
6746,18
6747,17
6748,18
6749,12
6750,11
6751,24
6752,27
6753,21
6754,23
6755,17
6756,22
6757,22
6758,14
6759,23
6760,27
6761,17
6762,15
6763,11
6764,12
6765,11
6766,28
6767,21
6768,14
6769,12
6770,20
6771,9
6772,15
6773,28
6774,21
6775,22
6776,29
6777,14
6778,30
6779,24
6780,10
6781,15
6782,15
6783,42
6784,25
6785,21
6786,27
6787,9
6788,16
6789,21
6790,8
6791,15
6792,21
6793,29
6794,23
6795,26
6796,18
6797,20
6798,7
6799,23
6800,12
6801,12
6802,25
6803,15
6804,12
6805,25
6806,20
6807,9
6808,10
6809,17
6810,17
6811,21
6812,16
6813,10
6814,16
6815,12
6816,24
6817,10
6818,12
6819,14
6820,20
6821,23
6822,18
6823,23
6824,18
6825,16
6826,28
6827,12
6828,26
6829,23
6830,12
6831,13
6832,16
6833,13
6834,18
6835,37
6836,18
6837,23
6838,19
6839,21
6840,15
6841,23
6842,20
6843,15
6844,9
6845,17
6846,46
6847,19
6848,21
6849,14
6850,10
6851,16
6852,21
6853,11
6854,30
6855,27
6856,13
6857,29
6858,25
6859,15
6860,14
6861,19
6862,22
6863,11
6864,17
6865,11
6866,16
6867,10
6868,31
6869,11
6870,19
6871,16
6872,12
6873,12
6874,17
6875,23
6876,28
6877,22
6878,20
6879,7
6880,15
6881,17
6882,8
6883,22
6884,15
6885,25
6886,12
6887,15
6888,13
6889,16
6890,7
6891,12
6892,22
6893,22
6894,22
6895,24
6896,13
6897,17
6898,29
6899,8
6900,21
6901,27
6902,12
6903,16
6904,15
6905,34
6906,12
6907,16
6908,12
6909,13
6910,19
6911,35
6912,11
6913,17
6914,23
6915,19
6916,23
6917,19
6918,10
6919,20
6920,23
6921,11
6922,31
6923,28
6924,20
6925,23
6926,26
6927,14
6928,9
6929,10
6930,28
6931,9
6932,11
6933,10
6934,15
6935,24
6936,17
6937,13
6938,17
6939,14
6940,25
6941,12
6942,29
6943,22
6944,19
6945,18
6946,20
6947,24
6948,23
6949,23
6950,17
6951,22
6952,14
6953,25
6954,12
6955,15
6956,12
6957,13
6958,14
6959,21
6960,9
6961,10
6962,15
6963,23
6964,10
6965,10
6966,24
6967,11
6968,30
6969,18
6970,10
6971,9
6972,11
6973,14
6974,13
6975,9
6976,31
6977,13
6978,11
6979,8
6980,13
6981,10
6982,22
6983,9
6984,12
6985,14
6986,20
6987,10
6988,17
6989,21
6990,14
6991,10
6992,18
6993,19
6994,22
6995,28
6996,20
6997,33
6998,17
6999,20
7000,14
7001,18
7002,11
7003,14
7004,13
7005,11
7006,14
7007,9
7008,23
7009,8
7010,15
7011,12
7012,14
7013,12
7014,13
7015,34
7016,26
7017,17
7018,15
7019,15
7020,23
7021,13
7022,32
7023,13
7024,17
7025,18
7026,13
7027,20
7028,26
7029,13
7030,19
7031,30
7032,17
7033,12
7034,14
7035,42
7036,23
7037,28
7038,15
7039,21
7040,20
7041,12
7042,18
7043,16
7044,33
7045,18
7046,15
7047,15
7048,14
7049,16
7050,15
7051,28
7052,14
7053,11
7054,17
7055,14
7056,9
7057,11
7058,19
7059,16
7060,13
7061,12
7062,12
7063,17
7064,20
7065,17
7066,32
7067,10
7068,9
7069,14
7070,20
7071,31
7072,13
7073,23
7074,10
7075,10
7076,15
7077,21
7078,12
7079,14
7080,15
7081,30
7082,12
7083,11
7084,19
7085,14
7086,11
7087,42
7088,21
7089,38
7090,20
7091,20
7092,10
7093,16
7094,13
7095,25
7096,16
7097,14
7098,23
7099,15
7100,18
7101,16
7102,15
7103,15
7104,24
7105,16
7106,15
7107,14
7108,18
7109,21
7110,24
7111,32
7112,14
7113,14
7114,32
7115,13
7116,12
7117,20
7118,14
7119,22
7120,27
7121,17
7122,18
7123,16
7124,26
7125,14
7126,9
7127,18
7128,24
7129,13
7130,17
7131,14
7132,12
7133,15
7134,34
7135,19
7136,18
7137,13
7138,21
7139,13
7140,14
7141,15
7142,20
7143,10
7144,17
7145,19
7146,15
7147,15
7148,19
7149,14
7150,13
7151,28
7152,9
7153,15
7154,12
7155,19
7156,18
7157,12
7158,7
7159,25
7160,10
7161,27
7162,28
7163,21
7164,25
7165,13
7166,25
7167,12
7168,17
7169,18
7170,11
7171,15
7172,17
7173,10
7174,20
7175,14
7176,13
7177,15
7178,22
7179,14
7180,12
7181,20
7182,15
7183,11
7184,15
7185,17
7186,20
7187,16
7188,25
7189,11
7190,12
7191,27
7192,12
7193,19
7194,19
7195,17
7196,12
7197,15
7198,14
7199,18
7200,15
7201,42
7202,24
7203,12
7204,12
7205,14
7206,14
7207,11
7208,21
7209,24
7210,29
7211,17
7212,12
7213,12
7214,32
7215,16
7216,23
7217,13
7218,9
7219,13
7220,15
7221,11
7222,12
7223,17
7224,29
7225,13
7226,26
7227,13
7228,39
7229,19
7230,30
7231,23
7232,24
7233,13
7234,15
7235,22
7236,13
7237,16
7238,15
7239,21
7240,24
7241,12
7242,19
7243,12
7244,18
7245,16
7246,21
7247,19
7248,22
7249,13
7250,24
7251,17
7252,14
7253,23
7254,17
7255,13
7256,8
7257,15
7258,23
7259,15
7260,18
7261,8
7262,12
7263,9
7264,19
7265,23
7266,13
7267,11
7268,16
7269,24
7270,17
7271,21
7272,14
7273,32
7274,14
7275,13
7276,15
7277,13
7278,24
7279,16
7280,12
7281,25
7282,21
7283,13
7284,13
7285,18
7286,17
7287,15
7288,9
7289,14
7290,40
7291,20
7292,24
7293,28
7294,20
7295,39
7296,19
7297,20
7298,26
7299,20
7300,17
7301,13
7302,20
7303,18
7304,14
7305,17
7306,14
7307,14
7308,27
7309,11
7310,8
7311,14
7312,26
7313,10
7314,22
7315,36
7316,12
7317,34
7318,18
7319,12
7320,14
7321,8
7322,20
7323,10
7324,12
7325,9
7326,27
7327,11
7328,15
7329,15
7330,26
7331,13
7332,23
7333,14
7334,25
7335,48
7336,10
7337,11
7338,35
7339,15
7340,19
7341,13
7342,21
7343,17
7344,12
7345,14
7346,18
7347,20
7348,24
7349,27
7350,19
7351,10
7352,22
7353,16
7354,23
7355,12
7356,15
7357,11
7358,22
7359,11
7360,25
7361,16
7362,18
7363,9
7364,10
7365,15
7366,22
7367,23
7368,10
7369,10
7370,19
7371,21
7372,19
7373,11
7374,24
7375,16
7376,12
7377,19
7378,17
7379,19
7380,11
7381,21
7382,8
7383,14
7384,14
7385,22
7386,19
7387,15
7388,25
7389,17
7390,33
7391,12
7392,9
7393,13
7394,13
7395,20
7396,9
7397,24
7398,30
7399,19
7400,28
7401,10
7402,9
7403,27
7404,30
7405,11
7406,16
7407,17
7408,13
7409,28
7410,10
7411,9
7412,18
7413,9
7414,15
7415,10
7416,8
7417,20
7418,15
7419,8
7420,23
7421,14
7422,14
7423,14
7424,25
7425,17
7426,44
7427,42
7428,16
7429,21
7430,8
7431,22
7432,14
7433,23
7434,17
7435,21
7436,11
7437,21
7438,17
7439,11
7440,14
7441,12
7442,16
7443,26
7444,24
7445,12
7446,21
7447,13
7448,10
7449,9
7450,27
7451,8
7452,21
7453,23
7454,12
7455,12
7456,9
7457,24
7458,12
7459,15
7460,12
7461,14
7462,13
7463,12
7464,21
7465,22
7466,12
7467,14
7468,14
7469,8
7470,11
7471,14
7472,13
7473,14
7474,17
7475,20
7476,19
7477,12
7478,63
7479,18
7480,21
7481,22
7482,8
7483,10
7484,11
7485,22
7486,32
7487,22
7488,22
7489,18
7490,12
7491,10
7492,15
7493,22
7494,21
7495,10
7496,12
7497,17
7498,10
7499,11
7500,16
7501,31
7502,19
7503,18
7504,26
7505,22
7506,20
7507,19
7508,14
7509,12
7510,23
7511,15
7512,21
7513,22
7514,18
7515,16
7516,23
7517,10
7518,13
7519,16
7520,10
7521,24
7522,16
7523,17
7524,15
7525,43
7526,22
7527,19
7528,32
7529,19
7530,13
7531,17
7532,19
7533,17
7534,27
7535,19
7536,14
7537,48
7538,29
7539,15
7540,26
7541,10
7542,17
7543,10
7544,22
7545,12
7546,12
7547,15
7548,13
7549,18
7550,13
7551,23
7552,7
7553,12
7554,14
7555,18
7556,14
7557,21
7558,12
7559,20
7560,12
7561,23
7562,21
7563,36
7564,22
7565,9
7566,10
7567,14
7568,27
7569,14
7570,15
7571,13
7572,14
7573,18
7574,20
7575,19
7576,20
7577,20
7578,23
7579,9
7580,13
7581,13
7582,17
7583,7
7584,28
7585,21
7586,18
7587,23
7588,24
7589,20
7590,11
7591,14
7592,10
7593,11
7594,17
7595,16
7596,24
7597,17
7598,22
7599,13
7600,24
7601,14
7602,9
7603,13
7604,20
7605,10
7606,11
7607,12
7608,16
7609,13
7610,18
7611,12
7612,20
7613,16
7614,27
7615,11
7616,15
7617,12
7618,21
7619,24
7620,11
7621,9
7622,17
7623,13
7624,20
7625,17
7626,30
7627,13
7628,23
7629,13
7630,45
7631,12
7632,21
7633,12
7634,9
7635,11
7636,22
7637,15
7638,11
7639,26
7640,12
7641,13
7642,21
7643,26
7644,19
7645,21
7646,13
7647,13
7648,12
7649,11
7650,20
7651,17
7652,13
7653,17
7654,18
7655,23
7656,38
7657,22
7658,22
7659,12
7660,25
7661,14
7662,26
7663,12
7664,9
7665,12
7666,21
7667,14
7668,11
7669,15
7670,11
7671,11
7672,11
7673,28
7674,31
7675,12
7676,19
7677,20
7678,12
7679,18
7680,19
7681,23
7682,17
7683,16
7684,11
7685,24
7686,25
7687,9
7688,13
7689,15
7690,16
7691,15
7692,18
7693,24
7694,37
7695,30
7696,8
7697,23
7698,16
7699,10
7700,12
7701,28
7702,20
7703,16
7704,14
7705,11
7706,18
7707,26
7708,11
7709,32
7710,7
7711,13
7712,11
7713,11
7714,14
7715,14
7716,15
7717,8
7718,11
7719,14
7720,8
7721,17
7722,15
7723,26
7724,11
7725,12
7726,34
7727,44
7728,28
7729,26
7730,19
7731,21
7732,13
7733,15
7734,10
7735,14
7736,21
7737,10
7738,14
7739,9
7740,25
7741,44
7742,9
7743,21
7744,21
7745,18
7746,21
7747,17
7748,10
7749,13
7750,25
7751,17
7752,16
7753,9
7754,14
7755,18
7756,16
7757,12
7758,15
7759,13
7760,10
7761,25
7762,10
7763,14
7764,19
7765,23
7766,15
7767,26
7768,16
7769,17
7770,26
7771,13
7772,13
7773,17
7774,10
7775,10
7776,12
7777,12
7778,26
7779,16
7780,23
7781,13
7782,10
7783,15
7784,21
7785,32
7786,12
7787,17
7788,16
7789,12
7790,13
7791,23
7792,27
7793,14
7794,22
7795,38
7796,39
7797,23
7798,13
7799,13
7800,21
7801,17
7802,47
7803,22
7804,11
7805,12
7806,23
7807,19
7808,7
7809,26
7810,16
7811,13
7812,21
7813,15
7814,17
7815,11
7816,21
7817,9
7818,12
7819,15
7820,21
7821,11
7822,11
7823,13
7824,23
7825,13
7826,22
7827,12
7828,28
7829,33
7830,16
7831,28
7832,22
7833,12
7834,12
7835,15
7836,8
7837,22
7838,62
7839,21
7840,19
7841,18
7842,16
7843,17
7844,12
7845,13
7846,16
7847,18
7848,18
7849,18
7850,12
7851,35
7852,20
7853,30
7854,14
7855,22
7856,13
7857,20
7858,22
7859,27
7860,10
7861,33
7862,12
7863,16
7864,33
7865,33
7866,36
7867,18
7868,9
7869,20
7870,13
7871,29
7872,16
7873,15
7874,13
7875,34
7876,11
7877,12
7878,39
7879,20
7880,25
7881,9
7882,11
7883,16
7884,17
7885,25
7886,22
7887,14
7888,21
7889,15
7890,15
7891,12
7892,20
7893,25
7894,13
7895,11
7896,29
7897,14
7898,15
7899,15
7900,15
7901,24
7902,23
7903,24
7904,23
7905,19
7906,11
7907,18
7908,21
7909,20
7910,16
7911,26
7912,18
7913,26
7914,22
7915,16
7916,17
7917,8
7918,15
7919,16
7920,17
7921,9
7922,40
7923,22
7924,16
7925,17
7926,21
7927,15
7928,14
7929,10
7930,33
7931,8
7932,37
7933,14
7934,14
7935,10
7936,11
7937,15
7938,16
7939,11
7940,20
7941,23
7942,25
7943,15
7944,22
7945,17
7946,13
7947,9
7948,18
7949,14
7950,19
7951,12
7952,8
7953,16
7954,22
7955,22
7956,24
7957,13
7958,14
7959,26
7960,12
7961,10
7962,46
7963,12
7964,13
7965,15
7966,17
7967,32
7968,13
7969,9
7970,19
7971,15
7972,22
7973,26
7974,11
7975,18
7976,16
7977,12
7978,17
7979,21
7980,11
7981,27
7982,13
7983,20
7984,28
7985,23
7986,19
7987,31
7988,20
7989,14
7990,24
7991,32
7992,17
7993,27
7994,19
7995,15
7996,18
7997,9
7998,35
7999,16
8000,15
8001,24
8002,11
8003,21
8004,17
8005,31
8006,31
8007,10
8008,22
8009,27
8010,14
8011,21
8012,20
8013,25
8014,30
8015,19
8016,16
8017,9
8018,16
8019,19
8020,32
8021,15
8022,21
8023,10
8024,26
8025,19
8026,36
8027,10
8028,13
8029,21
8030,12
8031,24
8032,20
8033,11
8034,21
8035,10
8036,12
8037,17
8038,13
8039,15
8040,13
8041,10
8042,12
8043,13
8044,11
8045,33
8046,12
8047,12
8048,14
8049,13
8050,12
8051,27
8052,12
8053,10
8054,11
8055,13
8056,33
8057,14
8058,16
8059,9
8060,18
8061,16
8062,12
8063,15
8064,8
8065,14
8066,32
8067,10
8068,14
8069,23
8070,13
8071,12
8072,24
8073,16
8074,17
8075,16
8076,16
8077,14
8078,13
8079,10
8080,17
8081,14
8082,24
8083,17
8084,14
8085,20
8086,27
8087,15
8088,13
8089,17
8090,27
8091,14
8092,33
8093,26
8094,16
8095,21
8096,16
8097,12
8098,15
8099,12
8100,13
8101,22
8102,15
8103,10
8104,19
8105,10
8106,10
8107,41
8108,13
8109,10
8110,22
8111,12
8112,31
8113,16
8114,17
8115,17
8116,19
8117,12
8118,18
8119,15
8120,16
8121,24
8122,15
8123,19
8124,29
8125,21
8126,27
8127,23
8128,12
8129,17
8130,20
8131,13
8132,12
8133,18
8134,8
8135,27
8136,19
8137,15
8138,24
8139,21
8140,20
8141,9
8142,17
8143,30
8144,20
8145,12
8146,15
8147,11
8148,25
8149,22
8150,28
8151,10
8152,13
8153,10
8154,9
8155,47
8156,10
8157,13
8158,20
8159,18
8160,21
8161,13
8162,11
8163,21
8164,13
8165,15
8166,27
8167,18
8168,27
8169,21
8170,15
8171,19
8172,17
8173,18
8174,11
8175,26
8176,18
8177,19
8178,9
8179,20
8180,20
8181,19
8182,16
8183,16
8184,14
8185,16
8186,20
8187,36
8188,9
8189,15
8190,14
8191,23
8192,22
8193,16
8194,16
8195,27
8196,19
8197,12
8198,14
8199,19
8200,14
8201,12
8202,16
8203,19
8204,20
8205,17
8206,17
8207,17
8208,13
8209,35
8210,16
8211,18
8212,10
8213,22
8214,16
8215,42
8216,15
8217,11
8218,13
8219,21
8220,14
8221,21
8222,23
8223,15
8224,15
8225,16
8226,17
8227,12
8228,20
8229,31
8230,17
8231,27
8232,21
8233,27
8234,13
8235,15
8236,11
8237,17
8238,20
8239,13
8240,14
8241,11
8242,11
8243,14
8244,15
8245,17
8246,11
8247,11
8248,28
8249,17
8250,20
8251,18
8252,23
8253,19
8254,14
8255,8
8256,18
8257,28
8258,20
8259,14
8260,16
8261,9
8262,21
8263,26
8264,11
8265,20
8266,17
8267,16
8268,30
8269,14
8270,14
8271,8
8272,23
8273,17
8274,16
8275,11
8276,13
8277,15
8278,13
8279,24
8280,9
8281,26
8282,16
8283,21
8284,16
8285,31
8286,32
8287,14
8288,13
8289,13
8290,21
8291,15
8292,14
8293,16
8294,14
8295,11
8296,27
8297,16
8298,13
8299,18
8300,16
8301,13
8302,12
8303,17
8304,24
8305,14
8306,14
8307,17
8308,14
8309,12
8310,8
8311,14
8312,23
8313,20
8314,11
8315,26
8316,12
8317,12
8318,19
8319,13
8320,24
8321,15
8322,21
8323,11
8324,15
8325,20
8326,17
8327,16
8328,13
8329,17
8330,25
8331,11
8332,9
8333,15
8334,8
8335,10
8336,10
8337,16
8338,12
8339,30
8340,18
8341,18
8342,32
8343,44
8344,19
8345,12
8346,11
8347,10
8348,21
8349,19
8350,12
8351,14
8352,19
8353,12
8354,15
8355,19
8356,13
8357,12
8358,17
8359,23
8360,16
8361,23
8362,29
8363,10
8364,19
8365,12
8366,13
8367,11
8368,36
8369,22
8370,19
8371,14
8372,15
8373,12
8374,11
8375,17
8376,9
8377,22
8378,12
8379,12
8380,13
8381,14
8382,20
8383,16
8384,33
8385,10
8386,12
8387,28
8388,29
8389,20
8390,18
8391,26
8392,23
8393,14
8394,8
8395,25
8396,16
8397,31
8398,14
8399,24
8400,9
8401,17
8402,14
8403,9
8404,14
8405,18
8406,19
8407,15
8408,11
8409,10
8410,11
8411,18
8412,23
8413,17
8414,29
8415,14
8416,12
8417,12
8418,9
8419,40
8420,27
8421,24
8422,17
8423,19
8424,19
8425,11
8426,12
8427,19
8428,13
8429,7
8430,23
8431,13
8432,18
8433,29
8434,36
8435,11
8436,23
8437,10
8438,13
8439,11
8440,7
8441,7
8442,15
8443,9
8444,16
8445,22
8446,18
8447,18
8448,9
8449,14
8450,28
8451,9
8452,33
8453,10
8454,21
8455,23
8456,20
8457,17
8458,24
8459,15
8460,16
8461,18
8462,12
8463,15
8464,36
8465,19
8466,12
8467,23
8468,15
8469,16
8470,15
8471,28
8472,31
8473,14
8474,16
8475,11
8476,10
8477,40
8478,10
8479,22
8480,20
8481,16
8482,11
8483,10
8484,50
8485,13
8486,14
8487,24
8488,14
8489,18
8490,18
8491,17
8492,33
8493,20
8494,8
8495,16
8496,13
8497,15
8498,14
8499,15
8500,7
8501,10
8502,9
8503,18
8504,32
8505,17
8506,25
8507,28
8508,16
8509,24
8510,22
8511,20
8512,20
8513,13
8514,19
8515,16
8516,21
8517,8
8518,20
8519,24
8520,13
8521,16
8522,19
8523,16
8524,24
8525,17
8526,7
8527,8
8528,21
8529,15
8530,41
8531,20
8532,18
8533,12
8534,17
8535,12
8536,14
8537,12
8538,12
8539,9
8540,19
8541,15
8542,21
8543,14
8544,19
8545,22
8546,13
8547,17
8548,23
8549,34
8550,15
8551,20
8552,11
8553,32
8554,16
8555,21
8556,23
8557,10
8558,23
8559,18
8560,17
8561,12
8562,30
8563,26
8564,26
8565,16
8566,12
8567,20
8568,17
8569,12
8570,22
8571,11
8572,16
8573,11
8574,12
8575,20
8576,11
8577,20
8578,11
8579,17
8580,34
8581,10
8582,15
8583,13
8584,19
8585,11
8586,9
8587,21
8588,21
8589,11
8590,17
8591,21
8592,14
8593,19
8594,12
8595,15
8596,12
8597,24
8598,12
8599,26
8600,9
8601,14
8602,14
8603,20
8604,34
8605,18
8606,14
8607,28
8608,25
8609,31
8610,21
8611,8
8612,25
8613,24
8614,17
8615,18
8616,26
8617,20
8618,10
8619,20
8620,17
8621,13
8622,17
8623,10
8624,15
8625,10
8626,13
8627,11
8628,25
8629,8
8630,16
8631,18
8632,36
8633,25
8634,15
8635,13
8636,16
8637,13
8638,41
8639,14
8640,16
8641,34
8642,23
8643,14
8644,15
8645,18
8646,7
8647,28
8648,12
8649,8
8650,17
8651,17
8652,13
8653,13
8654,11
8655,18
8656,16
8657,33
8658,12
8659,15
8660,16
8661,29
8662,12
8663,19
8664,31
8665,12
8666,24
8667,12
8668,27
8669,13
8670,16
8671,17
8672,9
8673,17
8674,17
8675,13
8676,21
8677,34
8678,23
8679,12
8680,9
8681,12
8682,22
8683,13
8684,10
8685,33
8686,30
8687,13
8688,21
8689,17
8690,36
8691,12
8692,13
8693,16
8694,20
8695,12
8696,11
8697,9
8698,13
8699,12
8700,16
8701,12
8702,22
8703,15
8704,29
8705,25
8706,17
8707,19
8708,16
8709,10
8710,28
8711,21
8712,40
8713,16
8714,13
8715,7
8716,17
8717,17
8718,21
8719,14
8720,16
8721,16
8722,29
8723,24
8724,21
8725,23
8726,16
8727,23
8728,29
8729,20
8730,19
8731,60
8732,19
8733,14
8734,17
8735,14
8736,14
8737,25
8738,15
8739,19
8740,22
8741,16
8742,13
8743,15
8744,20
8745,10
8746,24
8747,14
8748,19
8749,16
8750,17
8751,17
8752,21
8753,17
8754,14
8755,27
8756,16
8757,15
8758,14
8759,13
8760,10
8761,33
8762,19
8763,17
8764,11
8765,20
8766,17
8767,18
8768,13
8769,13
8770,15
8771,11
8772,11
8773,13
8774,8
8775,28
8776,27
8777,14
8778,20
8779,28
8780,14
8781,8
8782,40
8783,17
8784,21
8785,16
8786,19
8787,17
8788,10
8789,20
8790,19
8791,19
8792,29
8793,22
8794,22
8795,21
8796,15
8797,21
8798,18
8799,11
8800,15
8801,28
8802,14
8803,30
8804,35
8805,16
8806,22
8807,21
8808,20
8809,21
8810,34
8811,12
8812,18
8813,31
8814,33
8815,15
8816,11
8817,23
8818,17
8819,24
8820,28
8821,16
8822,18
8823,17
8824,13
8825,23
8826,17
8827,29
8828,11
8829,12
8830,12
8831,23
8832,19
8833,18
8834,31
8835,21
8836,11
8837,14
8838,24
8839,15
8840,20
8841,25
8842,10
8843,10
8844,19
8845,13
8846,21
8847,15
8848,15
8849,28
8850,15
8851,12
8852,16
8853,11
8854,23
8855,8
8856,8
8857,51
8858,18
8859,8
8860,22
8861,10
8862,8
8863,17
8864,18
8865,18
8866,37
8867,10
8868,19
8869,23
8870,12
8871,31
8872,13
8873,29
8874,20
8875,18
8876,15
8877,9
8878,9
8879,33
8880,13
8881,17
8882,27
8883,13
8884,15
8885,14
8886,16
8887,9
8888,23
8889,18
8890,25
8891,17
8892,11
8893,17
8894,15
8895,16
8896,29
8897,12
8898,14
8899,20
8900,18
8901,11
8902,15
8903,23
8904,14
8905,20
8906,11
8907,13
8908,33
8909,23
8910,11
8911,14
8912,15
8913,19
8914,12
8915,11
8916,18
8917,27
8918,11
8919,16
8920,23
8921,21
8922,9
8923,11
8924,12
8925,43
8926,11
8927,23
8928,13
8929,19
8930,17
8931,14
8932,11
8933,14
8934,10
8935,12
8936,21
8937,8
8938,10
8939,23
8940,10
8941,11
8942,20
8943,33
8944,22
8945,9
8946,21
8947,19
8948,10
8949,20
8950,20
8951,13
8952,25
8953,25
8954,11
8955,14
8956,17
8957,15
8958,17
8959,19
8960,18
8961,18
8962,11
8963,13
8964,19
8965,14
8966,19
8967,19
8968,14
8969,20
8970,26
8971,11
8972,14
8973,12
8974,17
8975,20
8976,18
8977,12
8978,17
8979,15
8980,20
8981,15
8982,8
8983,18
8984,16
8985,16
8986,11
8987,10
8988,13
8989,12
8990,29
8991,16
8992,19
8993,15
8994,12
8995,20
8996,14
8997,12
8998,12
8999,12
9000,18
9001,12
9002,25
9003,11
9004,25
9005,18
9006,18
9007,13
9008,20
9009,18
9010,14
9011,22
9012,13
9013,12
9014,11
9015,12
9016,12
9017,11
9018,21
9019,20
9020,8
9021,16
9022,8
9023,13
9024,10
9025,23
9026,15
9027,48
9028,17
9029,14
9030,18
9031,16
9032,10
9033,12
9034,14
9035,21
9036,21
9037,12
9038,13
9039,10
9040,13
9041,21
9042,12
9043,32
9044,25
9045,17
9046,12
9047,19
9048,15
9049,7
9050,8
9051,13
9052,15
9053,20
9054,12
9055,16
9056,21
9057,12
9058,10
9059,14
9060,13
9061,12
9062,10
9063,16
9064,19
9065,20
9066,14
9067,31
9068,23
9069,25
9070,14
9071,23
9072,22
9073,13
9074,8
9075,11
9076,26
9077,19
9078,31
9079,12
9080,22
9081,30
9082,11
9083,13
9084,34
9085,18
9086,15
9087,18
9088,19
9089,28
9090,17
9091,18
9092,17
9093,18
9094,29
9095,21
9096,23
9097,14
9098,15
9099,10
9100,19
9101,18
9102,21
9103,16
9104,8
9105,17
9106,20
9107,18
9108,18
9109,13
9110,12
9111,30
9112,16
9113,28
9114,14
9115,23
9116,14
9117,19
9118,13
9119,15
9120,23
9121,23
9122,11
9123,14
9124,26
9125,13
9126,16
9127,24
9128,13
9129,21
9130,8
9131,32
9132,12
9133,14
9134,21
9135,18
9136,18
9137,25
9138,10
9139,23
9140,13
9141,13
9142,22
9143,9
9144,27
9145,14
9146,15
9147,20
9148,18
9149,17
9150,11
9151,20
9152,21
9153,10
9154,18
9155,27
9156,9
9157,18
9158,11
9159,12
9160,12
9161,19
9162,12
9163,11
9164,24
9165,19
9166,12
9167,19
9168,26
9169,14
9170,10
9171,22
9172,18
9173,18
9174,18
9175,9
9176,10
9177,12
9178,14
9179,14
9180,13
9181,9
9182,19
9183,11
9184,18
9185,8
9186,17
9187,10
9188,8
9189,13
9190,15
9191,16
9192,29
9193,10
9194,22
9195,9
9196,9
9197,11
9198,9
9199,19
9200,13
9201,8
9202,17
9203,21
9204,21
9205,24
9206,23
9207,9
9208,14
9209,16
9210,28
9211,15
9212,14
9213,26
9214,19
9215,35
9216,12
9217,17
9218,19
9219,17
9220,12
9221,14
9222,19
9223,16
9224,14
9225,29
9226,27
9227,20
9228,18
9229,9
9230,28
9231,12
9232,16
9233,10
9234,19
9235,12
9236,8
9237,10
9238,18
9239,29
9240,9
9241,38
9242,13
9243,10
9244,9
9245,23
9246,20
9247,21
9248,18
9249,19
9250,12
9251,15
9252,9
9253,16
9254,14
9255,9
9256,20
9257,19
9258,18
9259,21
9260,15
9261,8
9262,29
9263,18
9264,13
9265,14
9266,13
9267,15
9268,26
9269,13
9270,11
9271,14
9272,15
9273,13
9274,20
9275,37
9276,13
9277,10
9278,9
9279,16
9280,21
9281,18
9282,16
9283,12
9284,21
9285,13
9286,14
9287,36
9288,27
9289,15
9290,16
9291,15
9292,14
9293,17
9294,25
9295,17
9296,35
9297,20
9298,22
9299,49
9300,21
9301,30
9302,23
9303,13
9304,28
9305,10
9306,13
9307,18
9308,17
9309,22
9310,16
9311,23
9312,20
9313,13
9314,10
9315,15
9316,11
9317,18
9318,18
9319,15
9320,8
9321,14
9322,16
9323,8
9324,19
9325,18
9326,16
9327,16
9328,23
9329,15
9330,37
9331,13
9332,32
9333,19
9334,12
9335,17
9336,20
9337,10
9338,13
9339,7
9340,15
9341,17
9342,9
9343,14
9344,20
9345,14
9346,22
9347,36
9348,19
9349,38
9350,9
9351,16
9352,16
9353,22
9354,26
9355,16
9356,13
9357,11
9358,18
9359,13
9360,10
9361,16
9362,19
9363,15
9364,19
9365,18
9366,13
9367,24
9368,12
9369,12
9370,11
9371,13
9372,10
9373,21
9374,8
9375,18
9376,10
9377,23
9378,17
9379,18
9380,16
9381,29
9382,18
9383,13
9384,7
9385,16
9386,9
9387,16
9388,11
9389,24
9390,22
9391,22
9392,22
9393,21
9394,7
9395,22
9396,32
9397,27
9398,9
9399,14
9400,16
9401,17
9402,15
9403,11
9404,13
9405,9
9406,9
9407,17
9408,19
9409,11
9410,15
9411,15
9412,15
9413,18
9414,19
9415,29
9416,20
9417,13
9418,20
9419,24
9420,18
9421,15
9422,11
9423,9
9424,16
9425,17
9426,16
9427,25
9428,31
9429,13
9430,18
9431,14
9432,11
9433,20
9434,21
9435,20
9436,19
9437,13
9438,13
9439,17
9440,14
9441,9
9442,10
9443,10
9444,16
9445,16
9446,13
9447,16
9448,14
9449,19
9450,10
9451,14
9452,22
9453,13
9454,12
9455,23
9456,11
9457,10
9458,15
9459,13
9460,24
9461,22
9462,8
9463,17
9464,20
9465,21
9466,11
9467,17
9468,23
9469,21
9470,9
9471,14
9472,8
9473,22
9474,11
9475,8
9476,17
9477,22
9478,10
9479,23
9480,13
9481,22
9482,20
9483,70
9484,20
9485,14
9486,30
9487,13
9488,17
9489,20
9490,27
9491,14
9492,16
9493,13
9494,9
9495,15
9496,16
9497,10
9498,9
9499,13
9500,19
9501,11
9502,13
9503,16
9504,37
9505,21
9506,12
9507,22
9508,28
9509,24
9510,13
9511,18
9512,23
9513,11
9514,15
9515,15
9516,22
9517,22
9518,21
9519,12
9520,12
9521,24
9522,29
9523,14
9524,18
9525,17
9526,17
9527,14
9528,9
9529,31
9530,15
9531,16
9532,28
9533,18
9534,12
9535,25
9536,17
9537,10
9538,13
9539,16
9540,17
9541,10
9542,13
9543,25
9544,29
9545,21
9546,24
9547,22
9548,12
9549,10
9550,12
9551,22
9552,13
9553,14
9554,13
9555,19
9556,19
9557,13
9558,21
9559,18
9560,16
9561,29
9562,13
9563,10
9564,14
9565,9
9566,27
9567,32
9568,11
9569,33
9570,20
9571,17
9572,9
9573,14
9574,15
9575,11
9576,11
9577,12
9578,31
9579,15
9580,22
9581,14
9582,25
9583,29
9584,13
9585,13
9586,11
9587,12
9588,15
9589,22
9590,29
9591,9
9592,18
9593,23
9594,11
9595,10
9596,19
9597,7
9598,34
9599,21
9600,9
9601,9
9602,31
9603,19
9604,14
9605,11
9606,14
9607,14
9608,11
9609,38
9610,9
9611,22
9612,9
9613,20
9614,18
9615,19
9616,41
9617,28
9618,10
9619,16
9620,11
9621,11
9622,10
9623,13
9624,16
9625,21
9626,11
9627,14
9628,7
9629,15
9630,17
9631,22
9632,16
9633,20
9634,10
9635,21
9636,22
9637,13
9638,16
9639,11
9640,16
9641,22
9642,22
9643,15
9644,22
9645,21
9646,23
9647,15
9648,9
9649,39
9650,17
9651,18
9652,21
9653,12
9654,18
9655,15
9656,8
9657,9
9658,16
9659,16
9660,25
9661,14
9662,18
9663,16
9664,25
9665,15
9666,13
9667,31
9668,24
9669,20
9670,23
9671,19
9672,13
9673,21
9674,12
9675,23
9676,15
9677,20
9678,16
9679,9
9680,11
9681,13
9682,39
9683,22
9684,22
9685,26
9686,39
9687,23
9688,10
9689,10
9690,40
9691,21
9692,15
9693,15
9694,8
9695,18
9696,12
9697,13
9698,19
9699,12
9700,15
9701,10
9702,8
9703,29
9704,13
9705,17
9706,13
9707,25
9708,15
9709,14
9710,11
9711,14
9712,24
9713,10
9714,10
9715,17
9716,18
9717,15
9718,14
9719,16
9720,20
9721,28
9722,10
9723,21
9724,8
9725,16
9726,19
9727,17
9728,21
9729,15
9730,9
9731,18
9732,9
9733,27
9734,26
9735,29
9736,9
9737,14
9738,28
9739,17
9740,29
9741,20
9742,19
9743,26
9744,21
9745,15
9746,13
9747,21
9748,12
9749,25
9750,11
9751,18
9752,25
9753,12
9754,12
9755,32
9756,30
9757,28
9758,12
9759,13
9760,13
9761,19
9762,21
9763,14
9764,20
9765,10
9766,12
9767,17
9768,18
9769,32
9770,11
9771,16
9772,26
9773,18
9774,12
9775,43
9776,25
9777,22
9778,12
9779,26
9780,25
9781,15
9782,26
9783,15
9784,10
9785,19
9786,11
9787,18
9788,14
9789,15
9790,12
9791,15
9792,11
9793,15
9794,12
9795,21
9796,13
9797,28
9798,12
9799,12
9800,31
9801,15
9802,27
9803,24
9804,8
9805,17
9806,15
9807,16
9808,13
9809,22
9810,13
9811,13
9812,19
9813,19
9814,11
9815,10
9816,10
9817,17
9818,16
9819,31
9820,15
9821,8
9822,14
9823,15
9824,11
9825,20
9826,17
9827,16
9828,16
9829,22
9830,12
9831,16
9832,25
9833,23
9834,12
9835,15
9836,17
9837,18
9838,15
9839,13
9840,15
9841,11
9842,22
9843,13
9844,16
9845,13
9846,15
9847,22
9848,9
9849,14
9850,11
9851,22
9852,23
9853,13
9854,12
9855,19
9856,10
9857,16
9858,16
9859,16
9860,14
9861,12
9862,13
9863,21
9864,9
9865,12
9866,16
9867,9
9868,13
9869,14
9870,14
9871,13
9872,12
9873,10
9874,12
9875,8
9876,25
9877,9
9878,20
9879,14
9880,16
9881,17
9882,31
9883,18
9884,31
9885,18
9886,17
9887,11
9888,10
9889,14
9890,29
9891,12
9892,16
9893,10
9894,13
9895,16
9896,36
9897,22
9898,12
9899,10
9900,17
9901,13
9902,8
9903,13
9904,19
9905,32
9906,16
9907,23
9908,19
9909,24
9910,8
9911,25
9912,15
9913,10
9914,15
9915,20
9916,16
9917,20
9918,18
9919,15
9920,18
9921,16
9922,15
9923,20
9924,11
9925,22
9926,23
9927,13
9928,23
9929,9
9930,20
9931,19
9932,7
9933,12
9934,14
9935,19
9936,20
9937,18
9938,16
9939,14
9940,28
9941,18
9942,9
9943,13
9944,16
9945,19
9946,12
9947,16
9948,14
9949,8
9950,14
9951,19
9952,19
9953,11
9954,28
9955,8
9956,10
9957,17
9958,10
9959,27
9960,16
9961,11
9962,21
9963,21
9964,21
9965,13
9966,12
9967,13
9968,20
9969,14
9970,9
9971,12
9972,12
9973,37
9974,18
9975,11
9976,9
9977,11
9978,27
9979,18
9980,26
9981,18
9982,19
9983,13
9984,12
9985,23
9986,12
9987,28
9988,18
9989,29
9990,16
9991,10
9992,17
9993,30
9994,13
9995,11
9996,13
9997,27
9998,9
9999,14
